--
-- PostgreSQL database dump
--

\restrict A6AhXmoXab3bgbFChXl8zgLIyhNo14F1nCdqgVNyGNu7nciqmUlnAP3CRsYguxM

-- Dumped from database version 17.7
-- Dumped by pg_dump version 17.7

SET statement_timeout = 0;
SET lock_timeout = 0;
SET idle_in_transaction_session_timeout = 0;
SET transaction_timeout = 0;
SET client_encoding = 'UTF8';
SET standard_conforming_strings = on;
SELECT pg_catalog.set_config('search_path', '', false);
SET check_function_bodies = false;
SET xmloption = content;
SET client_min_messages = warning;
SET row_security = off;

SET default_tablespace = '';

SET default_table_access_method = heap;

--
-- Name: auth_group; Type: TABLE; Schema: public; Owner: postgres
--

CREATE TABLE public.auth_group (
    id integer NOT NULL,
    name character varying(150) NOT NULL
);


ALTER TABLE public.auth_group OWNER TO postgres;

--
-- Name: auth_group_id_seq; Type: SEQUENCE; Schema: public; Owner: postgres
--

ALTER TABLE public.auth_group ALTER COLUMN id ADD GENERATED BY DEFAULT AS IDENTITY (
    SEQUENCE NAME public.auth_group_id_seq
    START WITH 1
    INCREMENT BY 1
    NO MINVALUE
    NO MAXVALUE
    CACHE 1
);


--
-- Name: auth_group_permissions; Type: TABLE; Schema: public; Owner: postgres
--

CREATE TABLE public.auth_group_permissions (
    id bigint NOT NULL,
    group_id integer NOT NULL,
    permission_id integer NOT NULL
);


ALTER TABLE public.auth_group_permissions OWNER TO postgres;

--
-- Name: auth_group_permissions_id_seq; Type: SEQUENCE; Schema: public; Owner: postgres
--

ALTER TABLE public.auth_group_permissions ALTER COLUMN id ADD GENERATED BY DEFAULT AS IDENTITY (
    SEQUENCE NAME public.auth_group_permissions_id_seq
    START WITH 1
    INCREMENT BY 1
    NO MINVALUE
    NO MAXVALUE
    CACHE 1
);


--
-- Name: auth_permission; Type: TABLE; Schema: public; Owner: postgres
--

CREATE TABLE public.auth_permission (
    id integer NOT NULL,
    name character varying(255) NOT NULL,
    content_type_id integer NOT NULL,
    codename character varying(100) NOT NULL
);


ALTER TABLE public.auth_permission OWNER TO postgres;

--
-- Name: auth_permission_id_seq; Type: SEQUENCE; Schema: public; Owner: postgres
--

ALTER TABLE public.auth_permission ALTER COLUMN id ADD GENERATED BY DEFAULT AS IDENTITY (
    SEQUENCE NAME public.auth_permission_id_seq
    START WITH 1
    INCREMENT BY 1
    NO MINVALUE
    NO MAXVALUE
    CACHE 1
);


--
-- Name: certificate_settings; Type: TABLE; Schema: public; Owner: postgres
--

CREATE TABLE public.certificate_settings (
    id bigint NOT NULL,
    name character varying(100) NOT NULL,
    school_name character varying(100) NOT NULL,
    issuer_name character varying(100) NOT NULL,
    template_code character varying(50) NOT NULL,
    background_image character varying(100),
    seal_image character varying(100),
    style_config jsonb NOT NULL,
    is_active boolean NOT NULL,
    created_at timestamp with time zone NOT NULL,
    updated_at timestamp with time zone NOT NULL,
    project_category_id bigint,
    project_level_id bigint,
    updated_by_id bigint
);


ALTER TABLE public.certificate_settings OWNER TO postgres;

--
-- Name: certificate_settings_id_seq; Type: SEQUENCE; Schema: public; Owner: postgres
--

ALTER TABLE public.certificate_settings ALTER COLUMN id ADD GENERATED BY DEFAULT AS IDENTITY (
    SEQUENCE NAME public.certificate_settings_id_seq
    START WITH 1
    INCREMENT BY 1
    NO MINVALUE
    NO MAXVALUE
    CACHE 1
);


--
-- Name: dictionary_items; Type: TABLE; Schema: public; Owner: postgres
--

CREATE TABLE public.dictionary_items (
    id bigint NOT NULL,
    value character varying(50) NOT NULL,
    label character varying(100) NOT NULL,
    sort_order integer NOT NULL,
    is_active boolean NOT NULL,
    extra_data jsonb,
    description character varying(255) NOT NULL,
    created_at timestamp with time zone NOT NULL,
    updated_at timestamp with time zone NOT NULL,
    dict_type_id bigint NOT NULL,
    template_file character varying(100)
);


ALTER TABLE public.dictionary_items OWNER TO postgres;

--
-- Name: dictionary_items_id_seq; Type: SEQUENCE; Schema: public; Owner: postgres
--

ALTER TABLE public.dictionary_items ALTER COLUMN id ADD GENERATED BY DEFAULT AS IDENTITY (
    SEQUENCE NAME public.dictionary_items_id_seq
    START WITH 1
    INCREMENT BY 1
    NO MINVALUE
    NO MAXVALUE
    CACHE 1
);


--
-- Name: dictionary_types; Type: TABLE; Schema: public; Owner: postgres
--

CREATE TABLE public.dictionary_types (
    id bigint NOT NULL,
    code character varying(50) NOT NULL,
    name character varying(100) NOT NULL,
    description text NOT NULL,
    is_system boolean NOT NULL,
    is_active boolean NOT NULL,
    created_at timestamp with time zone NOT NULL,
    updated_at timestamp with time zone NOT NULL
);


ALTER TABLE public.dictionary_types OWNER TO postgres;

--
-- Name: dictionary_types_id_seq; Type: SEQUENCE; Schema: public; Owner: postgres
--

ALTER TABLE public.dictionary_types ALTER COLUMN id ADD GENERATED BY DEFAULT AS IDENTITY (
    SEQUENCE NAME public.dictionary_types_id_seq
    START WITH 1
    INCREMENT BY 1
    NO MINVALUE
    NO MAXVALUE
    CACHE 1
);


--
-- Name: django_admin_log; Type: TABLE; Schema: public; Owner: postgres
--

CREATE TABLE public.django_admin_log (
    id integer NOT NULL,
    action_time timestamp with time zone NOT NULL,
    object_id text,
    object_repr character varying(200) NOT NULL,
    action_flag smallint NOT NULL,
    change_message text NOT NULL,
    content_type_id integer,
    user_id bigint NOT NULL,
    CONSTRAINT django_admin_log_action_flag_check CHECK ((action_flag >= 0))
);


ALTER TABLE public.django_admin_log OWNER TO postgres;

--
-- Name: django_admin_log_id_seq; Type: SEQUENCE; Schema: public; Owner: postgres
--

ALTER TABLE public.django_admin_log ALTER COLUMN id ADD GENERATED BY DEFAULT AS IDENTITY (
    SEQUENCE NAME public.django_admin_log_id_seq
    START WITH 1
    INCREMENT BY 1
    NO MINVALUE
    NO MAXVALUE
    CACHE 1
);


--
-- Name: django_content_type; Type: TABLE; Schema: public; Owner: postgres
--

CREATE TABLE public.django_content_type (
    id integer NOT NULL,
    app_label character varying(100) NOT NULL,
    model character varying(100) NOT NULL
);


ALTER TABLE public.django_content_type OWNER TO postgres;

--
-- Name: django_content_type_id_seq; Type: SEQUENCE; Schema: public; Owner: postgres
--

ALTER TABLE public.django_content_type ALTER COLUMN id ADD GENERATED BY DEFAULT AS IDENTITY (
    SEQUENCE NAME public.django_content_type_id_seq
    START WITH 1
    INCREMENT BY 1
    NO MINVALUE
    NO MAXVALUE
    CACHE 1
);


--
-- Name: django_migrations; Type: TABLE; Schema: public; Owner: postgres
--

CREATE TABLE public.django_migrations (
    id bigint NOT NULL,
    app character varying(255) NOT NULL,
    name character varying(255) NOT NULL,
    applied timestamp with time zone NOT NULL
);


ALTER TABLE public.django_migrations OWNER TO postgres;

--
-- Name: django_migrations_id_seq; Type: SEQUENCE; Schema: public; Owner: postgres
--

ALTER TABLE public.django_migrations ALTER COLUMN id ADD GENERATED BY DEFAULT AS IDENTITY (
    SEQUENCE NAME public.django_migrations_id_seq
    START WITH 1
    INCREMENT BY 1
    NO MINVALUE
    NO MAXVALUE
    CACHE 1
);


--
-- Name: django_session; Type: TABLE; Schema: public; Owner: postgres
--

CREATE TABLE public.django_session (
    session_key character varying(40) NOT NULL,
    session_data text NOT NULL,
    expire_date timestamp with time zone NOT NULL
);


ALTER TABLE public.django_session OWNER TO postgres;

--
-- Name: expert_groups; Type: TABLE; Schema: public; Owner: postgres
--

CREATE TABLE public.expert_groups (
    id bigint NOT NULL,
    name character varying(100) NOT NULL,
    created_at timestamp with time zone NOT NULL,
    updated_at timestamp with time zone NOT NULL,
    created_by_id bigint NOT NULL,
    scope character varying(20) NOT NULL
);


ALTER TABLE public.expert_groups OWNER TO postgres;

--
-- Name: expert_groups_id_seq; Type: SEQUENCE; Schema: public; Owner: postgres
--

ALTER TABLE public.expert_groups ALTER COLUMN id ADD GENERATED BY DEFAULT AS IDENTITY (
    SEQUENCE NAME public.expert_groups_id_seq
    START WITH 1
    INCREMENT BY 1
    NO MINVALUE
    NO MAXVALUE
    CACHE 1
);


--
-- Name: expert_groups_members; Type: TABLE; Schema: public; Owner: postgres
--

CREATE TABLE public.expert_groups_members (
    id bigint NOT NULL,
    expertgroup_id bigint NOT NULL,
    user_id bigint NOT NULL
);


ALTER TABLE public.expert_groups_members OWNER TO postgres;

--
-- Name: expert_groups_members_id_seq; Type: SEQUENCE; Schema: public; Owner: postgres
--

ALTER TABLE public.expert_groups_members ALTER COLUMN id ADD GENERATED BY DEFAULT AS IDENTITY (
    SEQUENCE NAME public.expert_groups_members_id_seq
    START WITH 1
    INCREMENT BY 1
    NO MINVALUE
    NO MAXVALUE
    CACHE 1
);


--
-- Name: notifications; Type: TABLE; Schema: public; Owner: postgres
--

CREATE TABLE public.notifications (
    id bigint NOT NULL,
    title character varying(200) NOT NULL,
    content text NOT NULL,
    notification_type character varying(20) NOT NULL,
    is_read boolean NOT NULL,
    read_at timestamp with time zone,
    created_at timestamp with time zone NOT NULL,
    recipient_id bigint NOT NULL,
    related_project_id bigint
);


ALTER TABLE public.notifications OWNER TO postgres;

--
-- Name: notifications_id_seq; Type: SEQUENCE; Schema: public; Owner: postgres
--

ALTER TABLE public.notifications ALTER COLUMN id ADD GENERATED BY DEFAULT AS IDENTITY (
    SEQUENCE NAME public.notifications_id_seq
    START WITH 1
    INCREMENT BY 1
    NO MINVALUE
    NO MAXVALUE
    CACHE 1
);


--
-- Name: project_achievements; Type: TABLE; Schema: public; Owner: postgres
--

CREATE TABLE public.project_achievements (
    id bigint NOT NULL,
    title character varying(200) NOT NULL,
    description text NOT NULL,
    authors character varying(200) NOT NULL,
    journal character varying(200) NOT NULL,
    publication_date date,
    doi character varying(100) NOT NULL,
    patent_no character varying(100) NOT NULL,
    patent_type character varying(50) NOT NULL,
    applicant character varying(200) NOT NULL,
    copyright_no character varying(100) NOT NULL,
    copyright_owner character varying(200) NOT NULL,
    competition_name character varying(200) NOT NULL,
    award_level character varying(50) NOT NULL,
    award_date date,
    attachment character varying(255),
    created_at timestamp with time zone NOT NULL,
    updated_at timestamp with time zone NOT NULL,
    achievement_type_id bigint NOT NULL,
    project_id bigint NOT NULL,
    extra_data jsonb NOT NULL
);


ALTER TABLE public.project_achievements OWNER TO postgres;

--
-- Name: project_achievements_id_seq; Type: SEQUENCE; Schema: public; Owner: postgres
--

ALTER TABLE public.project_achievements ALTER COLUMN id ADD GENERATED BY DEFAULT AS IDENTITY (
    SEQUENCE NAME public.project_achievements_id_seq
    START WITH 1
    INCREMENT BY 1
    NO MINVALUE
    NO MAXVALUE
    CACHE 1
);


--
-- Name: project_advisors; Type: TABLE; Schema: public; Owner: postgres
--

CREATE TABLE public.project_advisors (
    id bigint NOT NULL,
    "order" integer NOT NULL,
    project_id bigint NOT NULL,
    user_id bigint NOT NULL
);


ALTER TABLE public.project_advisors OWNER TO postgres;

--
-- Name: project_advisors_id_seq; Type: SEQUENCE; Schema: public; Owner: postgres
--

ALTER TABLE public.project_advisors ALTER COLUMN id ADD GENERATED BY DEFAULT AS IDENTITY (
    SEQUENCE NAME public.project_advisors_id_seq
    START WITH 1
    INCREMENT BY 1
    NO MINVALUE
    NO MAXVALUE
    CACHE 1
);


--
-- Name: project_archives; Type: TABLE; Schema: public; Owner: postgres
--

CREATE TABLE public.project_archives (
    id bigint NOT NULL,
    snapshot jsonb NOT NULL,
    attachments jsonb NOT NULL,
    archived_at timestamp with time zone NOT NULL,
    project_id bigint NOT NULL,
    metadata jsonb NOT NULL
);


ALTER TABLE public.project_archives OWNER TO postgres;

--
-- Name: project_archives_id_seq; Type: SEQUENCE; Schema: public; Owner: postgres
--

ALTER TABLE public.project_archives ALTER COLUMN id ADD GENERATED BY DEFAULT AS IDENTITY (
    SEQUENCE NAME public.project_archives_id_seq
    START WITH 1
    INCREMENT BY 1
    NO MINVALUE
    NO MAXVALUE
    CACHE 1
);


--
-- Name: project_batches; Type: TABLE; Schema: public; Owner: postgres
--

CREATE TABLE public.project_batches (
    id bigint NOT NULL,
    name character varying(100) NOT NULL,
    year integer NOT NULL,
    code character varying(50) NOT NULL,
    is_current boolean NOT NULL,
    is_active boolean NOT NULL,
    created_at timestamp with time zone NOT NULL,
    updated_at timestamp with time zone NOT NULL,
    status character varying(20) NOT NULL,
    is_deleted boolean NOT NULL
);


ALTER TABLE public.project_batches OWNER TO postgres;

--
-- Name: project_batches_id_seq; Type: SEQUENCE; Schema: public; Owner: postgres
--

ALTER TABLE public.project_batches ALTER COLUMN id ADD GENERATED BY DEFAULT AS IDENTITY (
    SEQUENCE NAME public.project_batches_id_seq
    START WITH 1
    INCREMENT BY 1
    NO MINVALUE
    NO MAXVALUE
    CACHE 1
);


--
-- Name: project_change_requests; Type: TABLE; Schema: public; Owner: postgres
--

CREATE TABLE public.project_change_requests (
    id bigint NOT NULL,
    request_type character varying(20) NOT NULL,
    reason text NOT NULL,
    change_data jsonb,
    attachment character varying(255),
    status character varying(30) NOT NULL,
    submitted_at timestamp with time zone,
    reviewed_at timestamp with time zone,
    created_at timestamp with time zone NOT NULL,
    updated_at timestamp with time zone NOT NULL,
    created_by_id bigint NOT NULL,
    project_id bigint NOT NULL
);


ALTER TABLE public.project_change_requests OWNER TO postgres;

--
-- Name: project_change_requests_id_seq; Type: SEQUENCE; Schema: public; Owner: postgres
--

ALTER TABLE public.project_change_requests ALTER COLUMN id ADD GENERATED BY DEFAULT AS IDENTITY (
    SEQUENCE NAME public.project_change_requests_id_seq
    START WITH 1
    INCREMENT BY 1
    NO MINVALUE
    NO MAXVALUE
    CACHE 1
);


--
-- Name: project_change_reviews; Type: TABLE; Schema: public; Owner: postgres
--

CREATE TABLE public.project_change_reviews (
    id bigint NOT NULL,
    status character varying(20) NOT NULL,
    comments text NOT NULL,
    reviewed_at timestamp with time zone,
    created_at timestamp with time zone NOT NULL,
    change_request_id bigint NOT NULL,
    reviewer_id bigint,
    workflow_node_id bigint
);


ALTER TABLE public.project_change_reviews OWNER TO postgres;

--
-- Name: project_change_reviews_id_seq; Type: SEQUENCE; Schema: public; Owner: postgres
--

ALTER TABLE public.project_change_reviews ALTER COLUMN id ADD GENERATED BY DEFAULT AS IDENTITY (
    SEQUENCE NAME public.project_change_reviews_id_seq
    START WITH 1
    INCREMENT BY 1
    NO MINVALUE
    NO MAXVALUE
    CACHE 1
);


--
-- Name: project_expenditure_reviews; Type: TABLE; Schema: public; Owner: postgres
--

CREATE TABLE public.project_expenditure_reviews (
    id bigint NOT NULL,
    status character varying(20) NOT NULL,
    comments text NOT NULL,
    reviewed_at timestamp with time zone,
    created_at timestamp with time zone NOT NULL,
    expenditure_id bigint NOT NULL,
    reviewer_id bigint,
    workflow_node_id bigint
);


ALTER TABLE public.project_expenditure_reviews OWNER TO postgres;

--
-- Name: project_expenditure_reviews_id_seq; Type: SEQUENCE; Schema: public; Owner: postgres
--

ALTER TABLE public.project_expenditure_reviews ALTER COLUMN id ADD GENERATED BY DEFAULT AS IDENTITY (
    SEQUENCE NAME public.project_expenditure_reviews_id_seq
    START WITH 1
    INCREMENT BY 1
    NO MINVALUE
    NO MAXVALUE
    CACHE 1
);


--
-- Name: project_expenditures; Type: TABLE; Schema: public; Owner: postgres
--

CREATE TABLE public.project_expenditures (
    id bigint NOT NULL,
    title character varying(200) NOT NULL,
    amount numeric(10,2) NOT NULL,
    expenditure_date date NOT NULL,
    proof_file character varying(255),
    status character varying(20) NOT NULL,
    created_at timestamp with time zone NOT NULL,
    created_by_id bigint NOT NULL,
    project_id bigint NOT NULL,
    is_deleted boolean NOT NULL,
    review_comment text NOT NULL,
    reviewed_at timestamp with time zone,
    reviewed_by_id bigint,
    updated_at timestamp with time zone NOT NULL,
    leader_review_status character varying(20) NOT NULL,
    leader_reviewed_at timestamp with time zone,
    leader_review_comment text NOT NULL,
    leader_reviewed_by_id bigint,
    current_node_id integer
);


ALTER TABLE public.project_expenditures OWNER TO postgres;

--
-- Name: project_expenditures_id_seq; Type: SEQUENCE; Schema: public; Owner: postgres
--

ALTER TABLE public.project_expenditures ALTER COLUMN id ADD GENERATED BY DEFAULT AS IDENTITY (
    SEQUENCE NAME public.project_expenditures_id_seq
    START WITH 1
    INCREMENT BY 1
    NO MINVALUE
    NO MAXVALUE
    CACHE 1
);


--
-- Name: project_members; Type: TABLE; Schema: public; Owner: postgres
--

CREATE TABLE public.project_members (
    id bigint NOT NULL,
    role character varying(20) NOT NULL,
    join_date date NOT NULL,
    contribution text NOT NULL,
    project_id bigint NOT NULL,
    user_id bigint NOT NULL
);


ALTER TABLE public.project_members OWNER TO postgres;

--
-- Name: project_members_id_seq; Type: SEQUENCE; Schema: public; Owner: postgres
--

ALTER TABLE public.project_members ALTER COLUMN id ADD GENERATED BY DEFAULT AS IDENTITY (
    SEQUENCE NAME public.project_members_id_seq
    START WITH 1
    INCREMENT BY 1
    NO MINVALUE
    NO MAXVALUE
    CACHE 1
);


--
-- Name: project_phase_instances; Type: TABLE; Schema: public; Owner: postgres
--

CREATE TABLE public.project_phase_instances (
    id bigint NOT NULL,
    phase character varying(20) NOT NULL,
    attempt_no integer NOT NULL,
    step character varying(50) NOT NULL,
    state character varying(20) NOT NULL,
    return_to character varying(20) NOT NULL,
    returned_reason text NOT NULL,
    returned_at timestamp with time zone,
    created_at timestamp with time zone NOT NULL,
    updated_at timestamp with time zone NOT NULL,
    created_by_id bigint,
    project_id bigint NOT NULL,
    current_node_id integer,
    CONSTRAINT project_phase_instances_attempt_no_check CHECK ((attempt_no >= 0))
);


ALTER TABLE public.project_phase_instances OWNER TO postgres;

--
-- Name: project_phase_instances_id_seq; Type: SEQUENCE; Schema: public; Owner: postgres
--

ALTER TABLE public.project_phase_instances ALTER COLUMN id ADD GENERATED BY DEFAULT AS IDENTITY (
    SEQUENCE NAME public.project_phase_instances_id_seq
    START WITH 1
    INCREMENT BY 1
    NO MINVALUE
    NO MAXVALUE
    CACHE 1
);


--
-- Name: projects; Type: TABLE; Schema: public; Owner: postgres
--

CREATE TABLE public.projects (
    id bigint NOT NULL,
    project_no character varying(50) NOT NULL,
    title character varying(200) NOT NULL,
    description text NOT NULL,
    is_key_field boolean NOT NULL,
    start_date date,
    end_date date,
    budget numeric(10,2) NOT NULL,
    expected_results text NOT NULL,
    proposal_file character varying(255),
    attachment_file character varying(255),
    final_report character varying(255),
    achievement_file character varying(255),
    status character varying(30) NOT NULL,
    created_at timestamp with time zone NOT NULL,
    updated_at timestamp with time zone NOT NULL,
    submitted_at timestamp with time zone,
    closure_applied_at timestamp with time zone,
    category_id bigint,
    leader_id bigint NOT NULL,
    level_id bigint,
    source_id bigint,
    year integer NOT NULL,
    key_domain_code character varying(50) NOT NULL,
    mid_term_report character varying(255),
    mid_term_submitted_at timestamp with time zone,
    approved_budget numeric(10,2),
    batch_id bigint,
    expected_results_data jsonb NOT NULL
);


ALTER TABLE public.projects OWNER TO postgres;

--
-- Name: projects_id_seq; Type: SEQUENCE; Schema: public; Owner: postgres
--

ALTER TABLE public.projects ALTER COLUMN id ADD GENERATED BY DEFAULT AS IDENTITY (
    SEQUENCE NAME public.projects_id_seq
    START WITH 1
    INCREMENT BY 1
    NO MINVALUE
    NO MAXVALUE
    CACHE 1
);


--
-- Name: reviews; Type: TABLE; Schema: public; Owner: postgres
--

CREATE TABLE public.reviews (
    id bigint NOT NULL,
    review_type character varying(20) NOT NULL,
    status character varying(20) NOT NULL,
    comments text NOT NULL,
    score integer,
    closure_rating character varying(20),
    created_at timestamp with time zone NOT NULL,
    reviewed_at timestamp with time zone,
    project_id bigint NOT NULL,
    reviewer_id bigint,
    phase_instance_id bigint,
    score_details jsonb NOT NULL,
    workflow_node_id bigint,
    is_expert_review boolean NOT NULL
);


ALTER TABLE public.reviews OWNER TO postgres;

--
-- Name: reviews_id_seq; Type: SEQUENCE; Schema: public; Owner: postgres
--

ALTER TABLE public.reviews ALTER COLUMN id ADD GENERATED BY DEFAULT AS IDENTITY (
    SEQUENCE NAME public.reviews_id_seq
    START WITH 1
    INCREMENT BY 1
    NO MINVALUE
    NO MAXVALUE
    CACHE 1
);


--
-- Name: roles; Type: TABLE; Schema: public; Owner: postgres
--

CREATE TABLE public.roles (
    id bigint NOT NULL,
    code character varying(50) NOT NULL,
    name character varying(100) NOT NULL,
    is_system boolean NOT NULL,
    is_active boolean NOT NULL,
    default_route character varying(200) NOT NULL,
    sort_order integer NOT NULL,
    created_at timestamp with time zone NOT NULL,
    updated_at timestamp with time zone NOT NULL,
    scope_dimension character varying(50)
);


ALTER TABLE public.roles OWNER TO postgres;

--
-- Name: roles_id_seq; Type: SEQUENCE; Schema: public; Owner: postgres
--

ALTER TABLE public.roles ALTER COLUMN id ADD GENERATED BY DEFAULT AS IDENTITY (
    SEQUENCE NAME public.roles_id_seq
    START WITH 1
    INCREMENT BY 1
    NO MINVALUE
    NO MAXVALUE
    CACHE 1
);


--
-- Name: system_settings; Type: TABLE; Schema: public; Owner: postgres
--

CREATE TABLE public.system_settings (
    id bigint NOT NULL,
    code character varying(50) NOT NULL,
    name character varying(100) NOT NULL,
    data jsonb NOT NULL,
    is_locked boolean NOT NULL,
    is_active boolean NOT NULL,
    created_at timestamp with time zone NOT NULL,
    updated_at timestamp with time zone NOT NULL,
    updated_by_id bigint,
    batch_id bigint
);


ALTER TABLE public.system_settings OWNER TO postgres;

--
-- Name: system_settings_id_seq; Type: SEQUENCE; Schema: public; Owner: postgres
--

ALTER TABLE public.system_settings ALTER COLUMN id ADD GENERATED BY DEFAULT AS IDENTITY (
    SEQUENCE NAME public.system_settings_id_seq
    START WITH 1
    INCREMENT BY 1
    NO MINVALUE
    NO MAXVALUE
    CACHE 1
);


--
-- Name: users; Type: TABLE; Schema: public; Owner: postgres
--

CREATE TABLE public.users (
    id bigint NOT NULL,
    password character varying(128) NOT NULL,
    last_login timestamp with time zone,
    is_superuser boolean NOT NULL,
    username character varying(150) NOT NULL,
    first_name character varying(150) NOT NULL,
    last_name character varying(150) NOT NULL,
    is_staff boolean NOT NULL,
    date_joined timestamp with time zone NOT NULL,
    employee_id character varying(20) NOT NULL,
    real_name character varying(50) NOT NULL,
    phone character varying(11) NOT NULL,
    email character varying(254) NOT NULL,
    major character varying(100) NOT NULL,
    grade character varying(10) NOT NULL,
    class_name character varying(50) NOT NULL,
    college character varying(100) NOT NULL,
    department character varying(100) NOT NULL,
    avatar character varying(100),
    is_active boolean NOT NULL,
    created_at timestamp with time zone NOT NULL,
    updated_at timestamp with time zone NOT NULL,
    title character varying(50) NOT NULL,
    expert_scope character varying(20) NOT NULL,
    role_fk_id bigint,
    managed_scope_value_id bigint,
    gender character varying(10) NOT NULL,
    is_expert boolean NOT NULL,
    expert_assigned_by_id bigint
);


ALTER TABLE public.users OWNER TO postgres;

--
-- Name: users_groups; Type: TABLE; Schema: public; Owner: postgres
--

CREATE TABLE public.users_groups (
    id bigint NOT NULL,
    user_id bigint NOT NULL,
    group_id integer NOT NULL
);


ALTER TABLE public.users_groups OWNER TO postgres;

--
-- Name: users_groups_id_seq; Type: SEQUENCE; Schema: public; Owner: postgres
--

ALTER TABLE public.users_groups ALTER COLUMN id ADD GENERATED BY DEFAULT AS IDENTITY (
    SEQUENCE NAME public.users_groups_id_seq
    START WITH 1
    INCREMENT BY 1
    NO MINVALUE
    NO MAXVALUE
    CACHE 1
);


--
-- Name: users_id_seq; Type: SEQUENCE; Schema: public; Owner: postgres
--

ALTER TABLE public.users ALTER COLUMN id ADD GENERATED BY DEFAULT AS IDENTITY (
    SEQUENCE NAME public.users_id_seq
    START WITH 1
    INCREMENT BY 1
    NO MINVALUE
    NO MAXVALUE
    CACHE 1
);


--
-- Name: users_user_permissions; Type: TABLE; Schema: public; Owner: postgres
--

CREATE TABLE public.users_user_permissions (
    id bigint NOT NULL,
    user_id bigint NOT NULL,
    permission_id integer NOT NULL
);


ALTER TABLE public.users_user_permissions OWNER TO postgres;

--
-- Name: users_user_permissions_id_seq; Type: SEQUENCE; Schema: public; Owner: postgres
--

ALTER TABLE public.users_user_permissions ALTER COLUMN id ADD GENERATED BY DEFAULT AS IDENTITY (
    SEQUENCE NAME public.users_user_permissions_id_seq
    START WITH 1
    INCREMENT BY 1
    NO MINVALUE
    NO MAXVALUE
    CACHE 1
);


--
-- Name: workflow_configs; Type: TABLE; Schema: public; Owner: postgres
--

CREATE TABLE public.workflow_configs (
    id bigint NOT NULL,
    name character varying(100) NOT NULL,
    phase character varying(20) NOT NULL,
    version integer NOT NULL,
    description text NOT NULL,
    is_active boolean NOT NULL,
    is_locked boolean NOT NULL,
    created_at timestamp with time zone NOT NULL,
    updated_at timestamp with time zone NOT NULL,
    batch_id bigint,
    created_by_id bigint,
    updated_by_id bigint
);


ALTER TABLE public.workflow_configs OWNER TO postgres;

--
-- Name: workflow_configs_id_seq; Type: SEQUENCE; Schema: public; Owner: postgres
--

ALTER TABLE public.workflow_configs ALTER COLUMN id ADD GENERATED BY DEFAULT AS IDENTITY (
    SEQUENCE NAME public.workflow_configs_id_seq
    START WITH 1
    INCREMENT BY 1
    NO MINVALUE
    NO MAXVALUE
    CACHE 1
);


--
-- Name: workflow_nodes; Type: TABLE; Schema: public; Owner: postgres
--

CREATE TABLE public.workflow_nodes (
    id bigint NOT NULL,
    code character varying(50) NOT NULL,
    name character varying(100) NOT NULL,
    node_type character varying(20) NOT NULL,
    return_policy character varying(20) NOT NULL,
    notice text NOT NULL,
    sort_order integer NOT NULL,
    is_active boolean NOT NULL,
    created_at timestamp with time zone NOT NULL,
    updated_at timestamp with time zone NOT NULL,
    workflow_id bigint NOT NULL,
    role_fk_id bigint,
    require_expert_review boolean NOT NULL,
    allowed_reject_to integer
);


ALTER TABLE public.workflow_nodes OWNER TO postgres;

--
-- Name: workflow_nodes_id_seq; Type: SEQUENCE; Schema: public; Owner: postgres
--

ALTER TABLE public.workflow_nodes ALTER COLUMN id ADD GENERATED BY DEFAULT AS IDENTITY (
    SEQUENCE NAME public.workflow_nodes_id_seq
    START WITH 1
    INCREMENT BY 1
    NO MINVALUE
    NO MAXVALUE
    CACHE 1
);


--
-- Data for Name: auth_group; Type: TABLE DATA; Schema: public; Owner: postgres
--

COPY public.auth_group (id, name) FROM stdin;
\.


--
-- Data for Name: auth_group_permissions; Type: TABLE DATA; Schema: public; Owner: postgres
--

COPY public.auth_group_permissions (id, group_id, permission_id) FROM stdin;
\.


--
-- Data for Name: auth_permission; Type: TABLE DATA; Schema: public; Owner: postgres
--

COPY public.auth_permission (id, name, content_type_id, codename) FROM stdin;
1	Can add log entry	1	add_logentry
2	Can change log entry	1	change_logentry
3	Can delete log entry	1	delete_logentry
4	Can view log entry	1	view_logentry
5	Can add permission	3	add_permission
6	Can change permission	3	change_permission
7	Can delete permission	3	delete_permission
8	Can view permission	3	view_permission
9	Can add group	2	add_group
10	Can change group	2	change_group
11	Can delete group	2	delete_group
12	Can view group	2	view_group
13	Can add content type	4	add_contenttype
14	Can change content type	4	change_contenttype
15	Can delete content type	4	delete_contenttype
16	Can view content type	4	view_contenttype
17	Can add session	5	add_session
18	Can change session	5	change_session
19	Can delete session	5	delete_session
20	Can view session	5	view_session
21	Can add 用户	7	add_user
22	Can change 用户	7	change_user
23	Can delete 用户	7	delete_user
24	Can view 用户	7	view_user
25	Can add 登录日志	6	add_loginlog
26	Can change 登录日志	6	change_loginlog
27	Can delete 登录日志	6	delete_loginlog
28	Can view 登录日志	6	view_loginlog
29	Can add 项目成果	9	add_projectachievement
30	Can change 项目成果	9	change_projectachievement
31	Can delete 项目成果	9	delete_projectachievement
32	Can view 项目成果	9	view_projectachievement
33	Can add 项目指导教师	10	add_projectadvisor
34	Can change 项目指导教师	10	change_projectadvisor
35	Can delete 项目指导教师	10	delete_projectadvisor
36	Can view 项目指导教师	10	view_projectadvisor
37	Can add 项目成员	11	add_projectmember
38	Can change 项目成员	11	change_projectmember
39	Can delete 项目成员	11	delete_projectmember
40	Can view 项目成员	11	view_projectmember
41	Can add 项目进度	12	add_projectprogress
42	Can change 项目进度	12	change_projectprogress
43	Can delete 项目进度	12	delete_projectprogress
44	Can view 项目进度	12	view_projectprogress
45	Can add 项目	8	add_project
46	Can change 项目	8	change_project
47	Can delete 项目	8	delete_project
48	Can view 项目	8	view_project
49	Can add 审核记录	13	add_review
50	Can change 审核记录	13	change_review
51	Can delete 审核记录	13	delete_review
52	Can view 审核记录	13	view_review
53	Can add 通知	14	add_notification
54	Can change 通知	14	change_notification
55	Can delete 通知	14	delete_notification
56	Can view 通知	14	view_notification
57	Can add 字典类型	16	add_dictionarytype
58	Can change 字典类型	16	change_dictionarytype
59	Can delete 字典类型	16	delete_dictionarytype
60	Can view 字典类型	16	view_dictionarytype
61	Can add 字典条目	15	add_dictionaryitem
62	Can change 字典条目	15	change_dictionaryitem
63	Can delete 字典条目	15	delete_dictionaryitem
64	Can view 字典条目	15	view_dictionaryitem
65	Can add 经费支出	17	add_projectexpenditure
66	Can change 经费支出	17	change_projectexpenditure
67	Can delete 经费支出	17	delete_projectexpenditure
68	Can view 经费支出	17	view_projectexpenditure
69	Can add 专家组	18	add_expertgroup
70	Can change 专家组	18	change_expertgroup
71	Can delete 专家组	18	delete_expertgroup
72	Can view 专家组	18	view_expertgroup
73	Can add 结题证书配置	19	add_certificatesetting
74	Can change 结题证书配置	19	change_certificatesetting
75	Can delete 结题证书配置	19	delete_certificatesetting
76	Can view 结题证书配置	19	view_certificatesetting
77	Can add 系统配置	20	add_systemsetting
78	Can change 系统配置	20	change_systemsetting
79	Can delete 系统配置	20	delete_systemsetting
80	Can view 系统配置	20	view_systemsetting
81	Can add 项目变更申请	21	add_projectchangerequest
82	Can change 项目变更申请	21	change_projectchangerequest
83	Can delete 项目变更申请	21	delete_projectchangerequest
84	Can view 项目变更申请	21	view_projectchangerequest
85	Can add 项目变更审核	22	add_projectchangereview
86	Can change 项目变更审核	22	change_projectchangereview
87	Can delete 项目变更审核	22	delete_projectchangereview
88	Can view 项目变更审核	22	view_projectchangereview
89	Can add 项目推送记录	24	add_projectpushrecord
90	Can change 项目推送记录	24	change_projectpushrecord
91	Can delete 项目推送记录	24	delete_projectpushrecord
92	Can view 项目推送记录	24	view_projectpushrecord
93	Can add 项目归档	23	add_projectarchive
94	Can change 项目归档	23	change_projectarchive
95	Can delete 项目归档	23	delete_projectarchive
96	Can view 项目归档	23	view_projectarchive
97	Can add 项目批次	25	add_projectbatch
98	Can change 项目批次	25	change_projectbatch
99	Can delete 项目批次	25	delete_projectbatch
100	Can view 项目批次	25	view_projectbatch
101	Can add 项目阶段实例	26	add_projectphaseinstance
102	Can change 项目阶段实例	26	change_projectphaseinstance
103	Can delete 项目阶段实例	26	delete_projectphaseinstance
104	Can view 项目阶段实例	26	view_projectphaseinstance
105	Can add 项目回收站	27	add_projectrecyclebin
106	Can change 项目回收站	27	change_projectrecyclebin
107	Can delete 项目回收站	27	delete_projectrecyclebin
108	Can view 项目回收站	27	view_projectrecyclebin
109	Can add 流程配置	30	add_workflowconfig
110	Can change 流程配置	30	change_workflowconfig
111	Can delete 流程配置	30	delete_workflowconfig
112	Can view 流程配置	30	view_workflowconfig
113	Can add 评审模板	28	add_reviewtemplate
114	Can change 评审模板	28	change_reviewtemplate
115	Can delete 评审模板	28	delete_reviewtemplate
116	Can view 评审模板	28	view_reviewtemplate
117	Can add 评审模板评分项	29	add_reviewtemplateitem
118	Can change 评审模板评分项	29	change_reviewtemplateitem
119	Can delete 评审模板评分项	29	delete_reviewtemplateitem
120	Can view 评审模板评分项	29	view_reviewtemplateitem
121	Can add 流程节点	31	add_workflownode
122	Can change 流程节点	31	change_workflownode
123	Can delete 流程节点	31	delete_workflownode
124	Can view 流程节点	31	view_workflownode
125	Can add 预算变更申请	32	add_budgetchangerequest
126	Can change 预算变更申请	32	change_budgetchangerequest
127	Can delete 预算变更申请	32	delete_budgetchangerequest
128	Can view 预算变更申请	32	view_budgetchangerequest
129	Can add 权限	33	add_permission
130	Can change 权限	33	change_permission
131	Can delete 权限	33	delete_permission
132	Can view 权限	33	view_permission
133	Can add 角色	34	add_role
134	Can change 角色	34	change_role
135	Can delete 角色	34	delete_role
136	Can view 角色	34	view_role
137	Can add 阶段数据范围配置	36	add_phasescopeconfig
138	Can change 阶段数据范围配置	36	change_phasescopeconfig
139	Can delete 阶段数据范围配置	36	delete_phasescopeconfig
140	Can view 阶段数据范围配置	36	view_phasescopeconfig
141	Can add 管理员分配	35	add_adminassignment
142	Can change 管理员分配	35	change_adminassignment
143	Can delete 管理员分配	35	delete_adminassignment
144	Can view 管理员分配	35	view_adminassignment
145	Can add 经费审核	37	add_projectexpenditurereview
146	Can change 经费审核	37	change_projectexpenditurereview
147	Can delete 经费审核	37	delete_projectexpenditurereview
148	Can view 经费审核	37	view_projectexpenditurereview
\.


--
-- Data for Name: certificate_settings; Type: TABLE DATA; Schema: public; Owner: postgres
--

COPY public.certificate_settings (id, name, school_name, issuer_name, template_code, background_image, seal_image, style_config, is_active, created_at, updated_at, project_category_id, project_level_id, updated_by_id) FROM stdin;
1	默认模板	安徽工业大学	安徽工业大学	DEFAULT	certificates/backgrounds/dI7Job9UWg.jpg	certificates/seals/微信头像.jpg	{}	t	2026-01-15 04:31:06.052924+08	2026-01-24 18:34:11.537087+08	\N	\N	1
\.


--
-- Data for Name: dictionary_items; Type: TABLE DATA; Schema: public; Owner: postgres
--

COPY public.dictionary_items (id, value, label, sort_order, is_active, extra_data, description, created_at, updated_at, dict_type_id, template_file) FROM stdin;
1	TEACHER_RESEARCH	面向教师科研类	1	t	\N		2025-12-16 17:16:42.577506+08	2025-12-16 17:16:42.577506+08	1	\N
183	教工	教工	1	t	{}		2026-01-14 22:03:50.12191+08	2026-01-14 22:03:50.121947+08	10	
184	结题报告	结题报告	4	t	{}		2026-01-18 17:39:44.896608+08	2026-01-18 17:39:44.89662+08	12	
8	创新训练项目	创新训练项目	1	t	{}		2025-12-16 17:16:42.577506+08	2025-12-17 00:47:12.829205+08	9	dictionary_templates/附件1安徽工业大学大学生创新训练项目申报书.doc
10	创业实践项目	创业实践项目	3	t	{}		2025-12-16 17:16:42.577506+08	2025-12-17 00:47:27.823459+08	9	dictionary_templates/2021安徽工业大学大学生创业实践项目申报书.doc
38	202406	测试	1	t	{}		2025-12-17 11:43:54.117801+08	2025-12-17 11:43:54.117821+08	13	
44	ENTREPRENEURSHIP_TRAINING	创业训练项目	2	t	\N		2025-12-17 12:15:45.713708+08	2025-12-17 12:31:05.051555+08	9	
54	省级	省级	2	t	{"budget": 3000}		2025-12-17 12:42:58.150703+08	2025-12-17 12:44:37.257857+08	2	
55	国家级	国家级	3	t	{"budget": 10000}		2025-12-17 12:42:58.151891+08	2025-12-17 12:44:44.687174+08	2	
53	校级一般	校级一般	1	t	{"budget": 1000}		2025-12-17 12:42:58.14498+08	2025-12-17 12:44:54.597118+08	2	
56	校级重点	校级重点	4	t	{"budget": 3000}		2025-12-17 12:45:04.632778+08	2025-12-17 12:45:04.632785+08	2	
62	学科竞赛类	学科竞赛类	2	t	{}		2025-12-17 13:04:16.484357+08	2025-12-17 13:04:16.484365+08	1	
63	学生自主类	学生自主类	3	t	{}		2025-12-17 13:04:34.247402+08	2025-12-17 13:04:34.247416+08	1	
64	论文	论文	1	t	{}		2025-12-26 22:54:19.169413+08	2025-12-26 22:54:19.169422+08	12	
65	专利	专利	2	t	{}		2025-12-26 22:54:24.807253+08	2025-12-26 22:54:24.807263+08	12	
66	软著	软著	3	t	{}		2025-12-26 22:54:33.57505+08	2025-12-26 22:54:33.575059+08	12	
70	00400	党委组织部（党校）	1	t	{}		2026-01-14 20:31:24.822769+08	2026-01-14 20:31:24.822806+08	5	
71	00500	党委宣传（统战）部	2	t	{}		2026-01-14 20:31:24.826367+08	2026-01-14 20:31:24.826386+08	5	
72	00600	学生工作部（处）（大学生就业创业指导中心）	3	t	{}		2026-01-14 20:31:24.827947+08	2026-01-14 20:31:24.827963+08	5	
73	00700	纪委办公室（监察处、审计处）	4	t	{}		2026-01-14 20:31:24.829494+08	2026-01-14 20:31:24.829508+08	5	
74	01000	工会	5	t	{}		2026-01-14 20:31:24.83075+08	2026-01-14 20:31:24.830758+08	5	
75	01100	团委	6	t	{}		2026-01-14 20:31:24.831946+08	2026-01-14 20:31:24.831957+08	5	
76	01400	教务处（招生办公室）	7	t	{}		2026-01-14 20:31:24.833284+08	2026-01-14 20:31:24.8333+08	5	
77	01700	科研处（校学术委员会办公室）	8	t	{}		2026-01-14 20:31:24.834969+08	2026-01-14 20:31:24.834996+08	5	
78	01900	人事处	9	t	{}		2026-01-14 20:31:24.836565+08	2026-01-14 20:31:24.836598+08	5	
79	02000	财务处	10	t	{}		2026-01-14 20:31:24.83829+08	2026-01-14 20:31:24.838307+08	5	
80	02100	资产管理处	11	t	{}		2026-01-14 20:31:24.840307+08	2026-01-14 20:31:24.840326+08	5	
81	02500	保卫处（党委保卫部、党委武装部）	12	t	{}		2026-01-14 20:31:24.842497+08	2026-01-14 20:31:24.842519+08	5	
82	02800	外事办公室（港澳台办公室）、国际教育学院	13	t	{}		2026-01-14 20:31:24.845643+08	2026-01-14 20:31:24.845663+08	5	
83	03100	离退休工作处（关工委办公室）	14	t	{}		2026-01-14 20:31:24.848291+08	2026-01-14 20:31:24.848309+08	5	
84	03400	工程实践与创新教育中心（创新教育学院）	15	t	{}		2026-01-14 20:31:24.850168+08	2026-01-14 20:31:24.850182+08	5	
85	03500	现代教育技术与网络管理中心	16	t	{}		2026-01-14 20:31:24.853107+08	2026-01-14 20:31:24.853132+08	5	
86	03600	图书馆	17	t	{}		2026-01-14 20:31:24.855281+08	2026-01-14 20:31:24.855299+08	5	
87	03800	后勤处（后勤集团）	18	t	{}		2026-01-14 20:31:24.85728+08	2026-01-14 20:31:24.857306+08	5	
88	03810	幼儿园	19	t	{}		2026-01-14 20:31:24.859641+08	2026-01-14 20:31:24.859668+08	5	
89	03900	资产经营公司	20	t	{}		2026-01-14 20:31:24.862024+08	2026-01-14 20:31:24.862041+08	5	
90	03901	资产经营公司办公室	21	t	{}		2026-01-14 20:31:24.864099+08	2026-01-14 20:31:24.864117+08	5	
91	03907	自动化工程公司	22	t	{}		2026-01-14 20:31:24.866222+08	2026-01-14 20:31:24.866241+08	5	
92	04100	睿安房地产公司	23	t	{}		2026-01-14 20:31:24.868164+08	2026-01-14 20:31:24.868182+08	5	
93	04800	工程研究院	24	t	{}		2026-01-14 20:31:24.870111+08	2026-01-14 20:31:24.870127+08	5	
94	05000	学校办公室	25	t	{}		2026-01-14 20:31:24.872782+08	2026-01-14 20:31:24.872812+08	5	
95	05100	教师能力发展中心（教学质量监控与评价中心）	26	t	{}		2026-01-14 20:31:24.875024+08	2026-01-14 20:31:24.875049+08	5	
96	05300	发展规划处（高教研究所）	27	t	{}		2026-01-14 20:31:24.877411+08	2026-01-14 20:31:24.877431+08	5	
97	05400	后勤与基建管理处	28	t	{}		2026-01-14 20:31:24.879208+08	2026-01-14 20:31:24.879223+08	5	
98	05405	校医院	29	t	{}		2026-01-14 20:31:24.880896+08	2026-01-14 20:31:24.880915+08	5	
99	05406	车队	30	t	{}		2026-01-14 20:31:24.883277+08	2026-01-14 20:31:24.883296+08	5	
100	05500	校友工作处（教育发展基金会秘书处）	31	t	{}		2026-01-14 20:31:24.884973+08	2026-01-14 20:31:24.884987+08	5	
101	06000	研究生院（部）、学科建设办公室	32	t	{}		2026-01-14 20:31:24.886497+08	2026-01-14 20:31:24.886512+08	5	
102	06100	基建管理办公室	33	t	{}		2026-01-14 20:31:24.88852+08	2026-01-14 20:31:24.88855+08	5	
103	10100	冶金工程学院	34	t	{}		2026-01-14 20:31:24.891597+08	2026-01-14 20:31:24.891632+08	5	
104	10200	材料科学与工程学院	35	t	{}		2026-01-14 20:31:24.894514+08	2026-01-14 20:31:24.894605+08	5	
105	10300	化学与化工学院	36	t	{}		2026-01-14 20:31:24.897926+08	2026-01-14 20:31:24.897972+08	5	
106	10400	建筑工程学院	37	t	{}		2026-01-14 20:31:24.901981+08	2026-01-14 20:31:24.902026+08	5	
107	10500	机械工程学院	38	t	{}		2026-01-14 20:31:24.905921+08	2026-01-14 20:31:24.905963+08	5	
108	10600	电气与信息工程学院	39	t	{}		2026-01-14 20:31:24.909902+08	2026-01-14 20:31:24.909949+08	5	
109	10700	计算机科学与技术学院	40	t	{}		2026-01-14 20:31:24.913836+08	2026-01-14 20:31:24.913885+08	5	
110	10800	数理科学与工程学院	41	t	{}		2026-01-14 20:31:24.917796+08	2026-01-14 20:31:24.917842+08	5	
111	10900	管理科学与工程学院	42	t	{}		2026-01-14 20:31:24.9221+08	2026-01-14 20:31:24.922149+08	5	
112	11200	公共管理与法学院	43	t	{}		2026-01-14 20:31:24.92613+08	2026-01-14 20:31:24.926172+08	5	
113	11300	外国语学院	44	t	{}		2026-01-14 20:31:24.930345+08	2026-01-14 20:31:24.930398+08	5	
114	11600	体育部	45	t	{}		2026-01-14 20:31:24.935452+08	2026-01-14 20:31:24.935502+08	5	
115	12000	继续教育学院	46	t	{}		2026-01-14 20:31:24.9392+08	2026-01-14 20:31:24.939224+08	5	
116	12100	工商学院	47	t	{}		2026-01-14 20:31:24.94281+08	2026-01-14 20:31:24.942854+08	5	
117	13000	能源与环境学院	48	t	{}		2026-01-14 20:31:24.946252+08	2026-01-14 20:31:24.946267+08	5	
118	13100	艺术与设计学院	49	t	{}		2026-01-14 20:31:24.948633+08	2026-01-14 20:31:24.948676+08	5	
119	13200	商学院	50	t	{}		2026-01-14 20:31:24.95286+08	2026-01-14 20:31:24.952905+08	5	
120	13300	马克思主义学院	51	t	{}		2026-01-14 20:31:24.957242+08	2026-01-14 20:31:24.957288+08	5	
121	110	数学	1	t	{}		2026-01-14 20:31:43.624966+08	2026-01-14 20:31:43.625024+08	6	
122	120	信息科学与系统科学	2	t	{}		2026-01-14 20:31:43.63427+08	2026-01-14 20:31:43.634314+08	6	
123	130	力学	3	t	{}		2026-01-14 20:31:43.638641+08	2026-01-14 20:31:43.638696+08	6	
124	140	物理学	4	t	{}		2026-01-14 20:31:43.64449+08	2026-01-14 20:31:43.644561+08	6	
125	150	化学	5	t	{}		2026-01-14 20:31:43.649879+08	2026-01-14 20:31:43.649941+08	6	
126	160	天文学	6	t	{}		2026-01-14 20:31:43.655209+08	2026-01-14 20:31:43.655302+08	6	
127	170	地球科学	7	t	{}		2026-01-14 20:31:43.660831+08	2026-01-14 20:31:43.660909+08	6	
128	180	生物学	8	t	{}		2026-01-14 20:31:43.665454+08	2026-01-14 20:31:43.665492+08	6	
129	190	心理学	9	t	{}		2026-01-14 20:31:43.671203+08	2026-01-14 20:31:43.671244+08	6	
130	210	农学	10	t	{}		2026-01-14 20:31:43.67601+08	2026-01-14 20:31:43.676075+08	6	
131	220	林学	11	t	{}		2026-01-14 20:31:43.679247+08	2026-01-14 20:31:43.679277+08	6	
132	230	畜牧、兽医科学	12	t	{}		2026-01-14 20:31:43.681399+08	2026-01-14 20:31:43.681423+08	6	
133	240	水产学	13	t	{}		2026-01-14 20:31:43.683121+08	2026-01-14 20:31:43.68313+08	6	
134	310	基础医学	14	t	{}		2026-01-14 20:31:43.684714+08	2026-01-14 20:31:43.684723+08	6	
135	320	临床医学	15	t	{}		2026-01-14 20:31:43.685865+08	2026-01-14 20:31:43.685875+08	6	
136	330	预防医学与公共卫生学	16	t	{}		2026-01-14 20:31:43.686699+08	2026-01-14 20:31:43.686704+08	6	
137	340	军事医学与特种医学	17	t	{}		2026-01-14 20:31:43.687435+08	2026-01-14 20:31:43.687441+08	6	
138	350	药学	18	t	{}		2026-01-14 20:31:43.688116+08	2026-01-14 20:31:43.688121+08	6	
139	360	中医学与中药学	19	t	{}		2026-01-14 20:31:43.688766+08	2026-01-14 20:31:43.68877+08	6	
140	410	工程与技术科学基础学科	20	t	{}		2026-01-14 20:31:43.689422+08	2026-01-14 20:31:43.689427+08	6	
141	413	信息与系统科学相关工程与技术	21	t	{}		2026-01-14 20:31:43.690178+08	2026-01-14 20:31:43.690184+08	6	
142	416	自然科学相关工程与技术	22	t	{}		2026-01-14 20:31:43.69119+08	2026-01-14 20:31:43.691205+08	6	
143	420	测绘科学技术	23	t	{}		2026-01-14 20:31:43.692687+08	2026-01-14 20:31:43.692697+08	6	
144	430	材料科学	24	t	{}		2026-01-14 20:31:43.693718+08	2026-01-14 20:31:43.693727+08	6	
145	440	矿山工程技术	25	t	{}		2026-01-14 20:31:43.694731+08	2026-01-14 20:31:43.694737+08	6	
146	450	冶金工程技术	26	t	{}		2026-01-14 20:31:43.69565+08	2026-01-14 20:31:43.695657+08	6	
147	460	机械工程	27	t	{}		2026-01-14 20:31:43.696493+08	2026-01-14 20:31:43.696497+08	6	
148	470	动力与电气工程	28	t	{}		2026-01-14 20:31:43.697331+08	2026-01-14 20:31:43.697335+08	6	
149	480	能源科学技术	29	t	{}		2026-01-14 20:31:43.697918+08	2026-01-14 20:31:43.697922+08	6	
150	490	核科学技术	30	t	{}		2026-01-14 20:31:43.698636+08	2026-01-14 20:31:43.698641+08	6	
151	510	电子与通信技术	31	t	{}		2026-01-14 20:31:43.699759+08	2026-01-14 20:31:43.699769+08	6	
152	520	计算机科学技术	32	t	{}		2026-01-14 20:31:43.700954+08	2026-01-14 20:31:43.700966+08	6	
153	530	化学工程	33	t	{}		2026-01-14 20:31:43.702132+08	2026-01-14 20:31:43.702144+08	6	
154	535	产品应用相关工程与技术	34	t	{}		2026-01-14 20:31:43.703277+08	2026-01-14 20:31:43.703287+08	6	
155	540	纺织科学技术	35	t	{}		2026-01-14 20:31:43.704311+08	2026-01-14 20:31:43.70432+08	6	
156	550	食品科学技术	36	t	{}		2026-01-14 20:31:43.705338+08	2026-01-14 20:31:43.705348+08	6	
157	560	土木建筑工程	37	t	{}		2026-01-14 20:31:43.706428+08	2026-01-14 20:31:43.706437+08	6	
158	570	水利工程	38	t	{}		2026-01-14 20:31:43.707835+08	2026-01-14 20:31:43.707848+08	6	
159	580	交通运输工程	39	t	{}		2026-01-14 20:31:43.709617+08	2026-01-14 20:31:43.709626+08	6	
160	590	航空、航天科学技术	40	t	{}		2026-01-14 20:31:43.710593+08	2026-01-14 20:31:43.7106+08	6	
161	610	环境科学技术及资源科学技术	41	t	{}		2026-01-14 20:31:43.711471+08	2026-01-14 20:31:43.711476+08	6	
162	620	安全科学技术	42	t	{}		2026-01-14 20:31:43.712311+08	2026-01-14 20:31:43.712316+08	6	
163	630	管理学	43	t	{}		2026-01-14 20:31:43.713051+08	2026-01-14 20:31:43.713056+08	6	
164	710	马克思主义	44	t	{}		2026-01-14 20:31:43.714082+08	2026-01-14 20:31:43.714089+08	6	
165	720	哲学	45	t	{}		2026-01-14 20:31:43.714951+08	2026-01-14 20:31:43.714958+08	6	
166	730	宗教学	46	t	{}		2026-01-14 20:31:43.715788+08	2026-01-14 20:31:43.715795+08	6	
167	740	语言学	47	t	{}		2026-01-14 20:31:43.716665+08	2026-01-14 20:31:43.716672+08	6	
168	750	文学	48	t	{}		2026-01-14 20:31:43.717514+08	2026-01-14 20:31:43.717521+08	6	
169	760	艺术学	49	t	{}		2026-01-14 20:31:43.718321+08	2026-01-14 20:31:43.718329+08	6	
170	770	历史学	50	t	{}		2026-01-14 20:31:43.719582+08	2026-01-14 20:31:43.719597+08	6	
171	780	考古学	51	t	{}		2026-01-14 20:31:43.721015+08	2026-01-14 20:31:43.721029+08	6	
172	790	经济学	52	t	{}		2026-01-14 20:31:43.722536+08	2026-01-14 20:31:43.722546+08	6	
173	810	政治学	53	t	{}		2026-01-14 20:31:43.723823+08	2026-01-14 20:31:43.723834+08	6	
174	820	法学	54	t	{}		2026-01-14 20:31:43.72501+08	2026-01-14 20:31:43.725021+08	6	
175	830	军事学	55	t	{}		2026-01-14 20:31:43.727094+08	2026-01-14 20:31:43.727121+08	6	
176	840	社会学	56	t	{}		2026-01-14 20:31:43.729376+08	2026-01-14 20:31:43.729392+08	6	
177	850	民族学与文化学	57	t	{}		2026-01-14 20:31:43.731501+08	2026-01-14 20:31:43.731525+08	6	
178	860	新闻学与传播学	58	t	{}		2026-01-14 20:31:43.73409+08	2026-01-14 20:31:43.734107+08	6	
179	870	图书馆、情报与文献学	59	t	{}		2026-01-14 20:31:43.736131+08	2026-01-14 20:31:43.736145+08	6	
180	880	教育学	60	t	{}		2026-01-14 20:31:43.737718+08	2026-01-14 20:31:43.737731+08	6	
181	890	体育科学	61	t	{}		2026-01-14 20:31:43.739147+08	2026-01-14 20:31:43.739158+08	6	
182	910	统计学	62	t	{}		2026-01-14 20:31:43.740313+08	2026-01-14 20:31:43.740323+08	6	
\.


--
-- Data for Name: dictionary_types; Type: TABLE DATA; Schema: public; Owner: postgres
--

COPY public.dictionary_types (id, code, name, description, is_system, is_active, created_at, updated_at) FROM stdin;
1	project_source	项目来源	项目来源分类	f	t	2025-12-16 17:16:42.577506+08	2025-12-16 17:16:42.577506+08
2	project_level	项目级别	项目级别分类	f	t	2025-12-16 17:16:42.577506+08	2025-12-16 17:16:42.577506+08
5	college	学院	学校下属学院	f	t	2025-12-16 17:16:42.577506+08	2025-12-16 17:16:42.577506+08
6	major_category	专业大类	项目所属专业大类	f	t	2025-12-16 17:16:42.577506+08	2025-12-16 17:16:42.577506+08
12	achievement_type	成果类型	项目成果类型，如：论文、专利、软著	t	t	2025-12-16 20:52:43.568287+08	2025-12-16 20:52:43.568291+08
13	key_field_code	重点领域	Key field codes	t	t	2025-12-16 21:26:25.85553+08	2025-12-16 21:26:25.855539+08
9	project_type	项目类别	项目类型，如：A类、B类	t	t	2025-12-16 20:52:43.563065+08	2025-12-16 20:52:43.563071+08
10	title	教师职称	教师职称，如：教授、副教授、讲师	t	t	2025-12-16 20:52:43.564943+08	2025-12-16 20:52:43.564948+08
\.


--
-- Data for Name: django_admin_log; Type: TABLE DATA; Schema: public; Owner: postgres
--

COPY public.django_admin_log (id, action_time, object_id, object_repr, action_flag, change_message, content_type_id, user_id) FROM stdin;
\.


--
-- Data for Name: django_content_type; Type: TABLE DATA; Schema: public; Owner: postgres
--

COPY public.django_content_type (id, app_label, model) FROM stdin;
1	admin	logentry
2	auth	group
3	auth	permission
4	contenttypes	contenttype
5	sessions	session
6	users	loginlog
7	users	user
8	projects	project
9	projects	projectachievement
10	projects	projectadvisor
11	projects	projectmember
12	projects	projectprogress
13	reviews	review
14	notifications	notification
15	dictionaries	dictionaryitem
16	dictionaries	dictionarytype
17	projects	projectexpenditure
18	reviews	expertgroup
19	system_settings	certificatesetting
20	system_settings	systemsetting
21	projects	projectchangerequest
22	projects	projectchangereview
23	projects	projectarchive
24	projects	projectpushrecord
25	system_settings	projectbatch
26	projects	projectphaseinstance
27	projects	projectrecyclebin
28	system_settings	reviewtemplate
29	system_settings	reviewtemplateitem
30	system_settings	workflowconfig
31	system_settings	workflownode
32	projects	budgetchangerequest
33	users	permission
34	users	role
35	system_settings	adminassignment
36	system_settings	phasescopeconfig
37	projects	projectexpenditurereview
\.


--
-- Data for Name: django_migrations; Type: TABLE DATA; Schema: public; Owner: postgres
--

COPY public.django_migrations (id, app, name, applied) FROM stdin;
1	contenttypes	0001_initial	2025-12-16 17:11:17.061848+08
2	contenttypes	0002_remove_content_type_name	2025-12-16 17:11:17.066218+08
3	auth	0001_initial	2025-12-16 17:11:17.104008+08
4	auth	0002_alter_permission_name_max_length	2025-12-16 17:11:17.108905+08
5	auth	0003_alter_user_email_max_length	2025-12-16 17:11:17.112349+08
6	auth	0004_alter_user_username_opts	2025-12-16 17:11:17.115943+08
7	auth	0005_alter_user_last_login_null	2025-12-16 17:11:17.11974+08
8	auth	0006_require_contenttypes_0002	2025-12-16 17:11:17.121725+08
9	auth	0007_alter_validators_add_error_messages	2025-12-16 17:11:17.126355+08
10	auth	0008_alter_user_username_max_length	2025-12-16 17:11:17.130694+08
11	auth	0009_alter_user_last_name_max_length	2025-12-16 17:11:17.134522+08
12	auth	0010_alter_group_name_max_length	2025-12-16 17:11:17.140998+08
13	auth	0011_update_proxy_permissions	2025-12-16 17:11:17.146265+08
14	auth	0012_alter_user_first_name_max_length	2025-12-16 17:11:17.15138+08
15	users	0001_initial	2025-12-16 17:11:17.218915+08
16	admin	0001_initial	2025-12-16 17:11:17.235222+08
17	admin	0002_logentry_remove_auto_add	2025-12-16 17:11:17.239957+08
18	admin	0003_logentry_add_action_flag_choices	2025-12-16 17:11:17.246328+08
19	dictionaries	0001_initial	2025-12-16 17:11:17.28314+08
20	projects	0001_initial	2025-12-16 17:11:17.320386+08
21	notifications	0001_initial	2025-12-16 17:11:17.3284+08
22	notifications	0002_initial	2025-12-16 17:11:17.364073+08
23	projects	0002_initial	2025-12-16 17:11:17.535852+08
24	reviews	0001_initial	2025-12-16 17:11:17.552791+08
25	reviews	0002_initial	2025-12-16 17:11:17.594545+08
26	sessions	0001_initial	2025-12-16 17:11:17.604717+08
27	dictionaries	0002_seed_initial_dictionaries	2025-12-16 21:26:25.865724+08
28	dictionaries	0003_dictionaryitem_template_file	2025-12-17 00:45:48.103459+08
29	users	0002_user_title_alter_user_role	2025-12-17 01:07:20.4652+08
30	projects	0003_project_year	2025-12-17 12:07:46.720509+08
31	dictionaries	0004_seed_project_level_items	2025-12-17 12:53:47.362542+08
32	projects	0004_project_key_domain_code	2025-12-17 13:58:43.243283+08
33	projects	0005_project_mid_term_report_and_more	2025-12-23 13:52:29.534785+08
34	reviews	0003_alter_review_review_type	2025-12-23 13:52:29.54517+08
35	projects	0006_projectexpenditure	2025-12-23 13:57:34.099341+08
36	reviews	0004_expertgroup	2025-12-23 14:09:05.812507+08
37	users	0003_alter_user_role	2025-12-23 14:09:05.824648+08
38	reviews	0005_expertgroup_scope_alter_review_review_level	2025-12-23 15:05:19.897899+08
39	projects	0007_alter_project_status	2025-12-23 15:09:55.725832+08
40	projects	0008_project_approved_budget	2025-12-23 16:04:52.17221+08
41	system_settings	0001_initial	2025-12-23 16:48:55.102538+08
42	projects	0009_project_change_requests	2025-12-23 17:01:48.600511+08
43	projects	0010_project_status_terminated	2025-12-23 17:01:48.612169+08
44	projects	0011_project_archive_push	2025-12-23 17:09:16.256865+08
45	users	0004_user_expert_scope	2025-12-24 14:48:43.156412+08
46	system_settings	0002_project_batch_and_settings_batch	2025-12-24 15:18:08.722784+08
47	projects	0012_project_batch	2025-12-24 15:18:08.737899+08
48	projects	0013_project_contract_task_book	2025-12-24 16:26:32.107719+08
49	projects	0014_project_expected_results_and_achievement_extra	2025-12-24 16:26:32.133178+08
50	system_settings	0003_projectbatch_status	2025-12-26 11:27:30.294693+08
51	system_settings	0004_projectbatch_status_and_level	2025-12-26 15:22:44.077015+08
52	system_settings	0005_alter_projectbatch_id	2025-12-26 16:25:49.82183+08
53	system_settings	0006_remove_projectbatch_project_level	2025-12-26 19:21:02.052718+08
54	system_settings	0007_remove_projectbatch_reviewing	2025-12-26 21:35:32.649166+08
55	projects	0015_project_phase_instance	2025-12-27 12:33:32.712002+08
56	reviews	0006_review_phase_instance	2025-12-27 12:33:32.736003+08
57	projects	0016_alter_project_status	2025-12-27 12:41:02.827672+08
58	projects	0017_project_status_ready_for_closure	2025-12-27 15:50:18.386811+08
59	projects	0018_project_achievement_summary	2025-12-27 16:11:26.163746+08
60	projects	0019_project_recycle_bin	2025-12-27 23:49:35.813385+08
61	projects	0020_project_discipline	2025-12-27 23:49:35.830326+08
62	system_settings	0008_workflow_review_templates	2025-12-27 23:49:35.930352+08
63	reviews	0007_review_template_details	2025-12-27 23:49:35.963333+08
64	projects	0021_budgetchangerequest_projectarchive_metadata_and_more	2026-01-13 12:11:47.45528+08
65	reviews	0008_alter_review_review_type	2026-01-13 12:11:47.470934+08
67	users	0005_add_role_permission_tables	2026-01-13 18:45:23.952997+08
68	system_settings	0009_add_workflow_node_role_fk	2026-01-13 18:45:24.029+08
69	users	0006_backfill_role_fk_and_drop_role	2026-01-13 18:45:24.157463+08
70	projects	0022_projectphaseinstance_current_node_id	2026-01-13 20:48:10.477578+08
71	system_settings	0010_workflownode_allowed_reject_to_and_more	2026-01-13 20:48:10.49899+08
72	system_settings	0011_workflownode_end_date_workflownode_start_date	2026-01-13 22:24:39.540964+08
73	projects	0023_remove_project_discipline	2026-01-13 23:35:13.701729+08
74	reviews	0009_remove_review_review_template_and_more	2026-01-14 00:10:00.298981+08
75	system_settings	0012_remove_workflownode_review_template_and_more	2026-01-14 00:10:00.371949+08
76	reviews	0010_alter_review_review_level	2026-01-14 10:30:45.965375+08
77	projects	0024_remove_projectexpenditure_category	2026-01-14 10:59:49.950405+08
78	reviews	0011_review_workflow_node_and_expert_flag	2026-01-14 15:49:52.722021+08
79	system_settings	0013_workflownode_require_expert_review	2026-01-14 15:49:52.740576+08
80	system_settings	0014_phase_scope_and_admin_assignments	2026-01-14 15:49:52.847999+08
81	reviews	0012_alter_expertgroup_members	2026-01-14 18:47:54.338184+08
82	system_settings	0015_alter_workflownode_role	2026-01-14 18:47:54.347141+08
83	system_settings	0016_delete_phase_scope_config	2026-01-14 18:47:54.350934+08
84	users	0007_role_scope_dimension_user_managed_scope_value	2026-01-14 18:47:54.395775+08
85	users	0008_migrate_expert_to_teacher	2026-01-14 18:47:54.438028+08
86	users	0009_populate_admin_scope_values	2026-01-14 18:47:54.469397+08
87	users	0010_fix_system_roles	2026-01-14 19:08:41.942227+08
88	users	0011_remove_role_description	2026-01-14 19:10:50.415244+08
89	users	0012_user_gender	2026-01-14 19:39:15.788525+08
90	users	0013_alter_role_scope_dimension	2026-01-14 19:47:01.26903+08
91	system_settings	0017_remove_workflownode_scope	2026-01-14 23:48:36.962562+08
92	system_settings	0018_change_allowed_reject_to_single	2026-01-15 00:00:41.893909+08
93	users	0014_add_expert_flags	2026-01-15 02:12:27.542782+08
94	system_settings	0019_delete_admin_assignment	2026-01-16 08:34:43.164112+08
95	projects	0025_delete_budget_change_request	2026-01-16 08:43:19.950909+08
96	projects	0026_delete_project_progress	2026-01-16 08:55:12.408102+08
97	projects	0027_delete_project_push_record	2026-01-16 09:01:46.845256+08
98	users	0015_delete_login_log	2026-01-16 09:17:58.432291+08
99	users	0016_remove_permissions_system	2026-01-16 09:35:36.968946+08
100	users	0017_unify_level2_admin_roles	2026-01-16 09:52:49.529369+08
101	projects	0028_alter_projectrecyclebin_resource_type	2026-01-16 09:56:32.50225+08
102	users	0018_alter_user_expert_scope	2026-01-16 10:10:47.013386+08
103	projects	0029_remove_project_contract_task_book_fields	2026-01-16 11:03:21.531195+08
104	projects	0030_alter_project_status_and_more	2026-01-16 11:15:24.352923+08
105	system_settings	0020_remove_workflownode_date_window	2026-01-17 22:00:05.016559+08
106	reviews	0013_alter_review_review_type	2026-01-17 23:18:19.335126+08
107	projects	0031_migrate_mid_term_approved_status	2026-01-18 09:55:46.826061+08
108	reviews	0014_remove_review_review_level	2026-01-18 13:33:20.57142+08
109	system_settings	0021_remove_workflownode_role_review_level	2026-01-18 13:33:20.582704+08
110	projects	0032_change_review_workflow_node	2026-01-18 13:54:56.983452+08
111	system_settings	0022_set_submit_role_fk	2026-01-18 14:12:43.570959+08
112	projects	0033_expenditure_workflow	2026-01-18 19:06:30.806045+08
113	projects	0034_remove_project_unused_fields	2026-01-19 09:26:56.370831+08
114	projects	0035_remove_change_request_extension_termination	2026-01-19 10:17:07.50464+08
\.


--
-- Data for Name: django_session; Type: TABLE DATA; Schema: public; Owner: postgres
--

COPY public.django_session (session_key, session_data, expire_date) FROM stdin;
\.


--
-- Data for Name: expert_groups; Type: TABLE DATA; Schema: public; Owner: postgres
--

COPY public.expert_groups (id, name, created_at, updated_at, created_by_id, scope) FROM stdin;
4	12	2026-01-15 02:27:35.352537+08	2026-01-15 02:27:35.352548+08	1	SCHOOL
5	专家组1	2026-01-18 18:24:09.291006+08	2026-01-18 18:24:09.29102+08	133	COLLEGE
6	123	2026-01-20 22:54:14.401658+08	2026-01-20 22:54:14.401658+08	133	COLLEGE
\.


--
-- Data for Name: expert_groups_members; Type: TABLE DATA; Schema: public; Owner: postgres
--

COPY public.expert_groups_members (id, expertgroup_id, user_id) FROM stdin;
6	4	166
7	5	168
8	5	167
9	6	168
\.


--
-- Data for Name: notifications; Type: TABLE DATA; Schema: public; Owner: postgres
--

COPY public.notifications (id, title, content, notification_type, is_read, read_at, created_at, recipient_id, related_project_id) FROM stdin;
37	新的评审任务	项目《12345123》已分配给您评审，请及时处理。	REVIEW	f	\N	2026-01-15 04:05:30.646355+08	170	17
44	中期报告待审核	项目《12345123》中期报告已提交，请及时审核。	REVIEW	f	\N	2026-01-15 04:08:52.313915+08	152	17
47	项目审核通过	恭喜！您的项目《1234》审核通过。\n审核意见：123	REVIEW	f	\N	2026-01-15 10:44:25.858627+08	30	20
48	新的评审任务	项目《1234》已分配给您评审，请及时处理。	REVIEW	f	\N	2026-01-15 10:46:58.107371+08	170	20
49	项目审核通过	恭喜！您的项目《1234》审核通过。\n审核意见：123	REVIEW	f	\N	2026-01-15 10:56:53.799493+08	30	20
50	项目审核通过	恭喜！您的项目《1234》审核通过。	REVIEW	f	\N	2026-01-15 10:57:25.906062+08	30	20
52	项目审核通过	恭喜！您的项目《1234》审核通过。\n审核意见：12	REVIEW	f	\N	2026-01-15 11:08:11.95727+08	30	20
53	项目审核通过	恭喜！您的项目《1234》审核通过。\n审核意见：1	REVIEW	f	\N	2026-01-15 11:08:34.648809+08	30	20
54	项目审核通过	恭喜！您的项目《1》审核通过。\n审核意见：123	REVIEW	f	\N	2026-01-15 11:12:46.498731+08	25	21
55	新的评审任务	项目《1》已分配给您评审，请及时处理。	REVIEW	f	\N	2026-01-15 11:13:32.725527+08	170	21
56	项目审核通过	恭喜！您的项目《1》审核通过。\n审核意见：1	REVIEW	f	\N	2026-01-15 11:13:50.456386+08	25	21
57	项目审核通过	恭喜！您的项目《1》审核通过。	REVIEW	f	\N	2026-01-15 11:15:26.140312+08	25	21
36	项目审核通过	恭喜！您的项目《12345123》审核通过。\n审核意见：123	REVIEW	t	2026-01-18 18:13:50.795767+08	2026-01-15 04:04:26.261064+08	31	17
38	项目审核通过	恭喜！您的项目《12345123》审核通过。\n审核意见：1	REVIEW	t	2026-01-18 18:13:50.795767+08	2026-01-15 04:06:05.452151+08	31	17
39	项目审核通过	恭喜！您的项目《12345123》审核通过。\n审核意见：1	REVIEW	t	2026-01-18 18:13:50.795767+08	2026-01-15 04:06:26.01816+08	31	17
41	项目审核通过	恭喜！您的项目《12345123》审核通过。\n审核意见：1	REVIEW	t	2026-01-18 18:13:50.795767+08	2026-01-15 04:08:13.44758+08	31	17
42	项目审核通过	恭喜！您的项目《12345123》审核通过。\n审核意见：1	REVIEW	t	2026-01-18 18:13:50.795767+08	2026-01-15 04:08:29.714565+08	31	17
43	中期报告提交成功	项目《12345123》中期报告已提交，等待审核。	PROJECT	t	2026-01-18 18:13:50.795767+08	2026-01-15 04:08:52.31178+08	31	17
45	项目审核通过	恭喜！您的项目《12345123》审核通过。\n审核意见：123	REVIEW	t	2026-01-18 18:13:50.795767+08	2026-01-15 04:09:17.077473+08	31	17
46	项目审核通过	恭喜！您的项目《12345123》审核通过。\n审核意见：123	REVIEW	t	2026-01-18 18:13:50.795767+08	2026-01-15 04:09:36.063496+08	31	17
58	项目审核通过	恭喜！您的项目《镁电解熔盐中杂质的绿色高效分离》审核通过。\n审核意见：通过	REVIEW	f	\N	2026-01-18 18:21:59.388096+08	31	22
60	新的评审任务	项目《镁电解熔盐中杂质的绿色高效分离》已分配给您评审，请及时处理。	REVIEW	f	\N	2026-01-18 18:24:23.566396+08	167	22
61	项目审核通过	恭喜！您的项目《镁电解熔盐中杂质的绿色高效分离》审核通过。\n审核意见：通过	REVIEW	f	\N	2026-01-18 18:25:11.566553+08	31	22
62	项目审核通过	恭喜！您的项目《镁电解熔盐中杂质的绿色高效分离》审核通过。\n审核意见：通过	REVIEW	f	\N	2026-01-18 18:25:39.450362+08	31	22
63	项目审核通过	恭喜！您的项目《镁电解熔盐中杂质的绿色高效分离》审核通过。\n审核意见：通过	REVIEW	f	\N	2026-01-18 18:26:16.884928+08	31	22
65	项目审核通过	恭喜！您的项目《镁电解熔盐中杂质的绿色高效分离》审核通过。\n审核意见：通过	REVIEW	f	\N	2026-01-18 18:29:33.90257+08	31	22
66	项目审核通过	恭喜！您的项目《镁电解熔盐中杂质的绿色高效分离》审核通过。	REVIEW	f	\N	2026-01-18 18:29:48.871309+08	31	22
67	项目审核通过	恭喜！您的项目《镁电解熔盐中杂质的绿色高效分离》审核通过。\n审核意见：通过	REVIEW	f	\N	2026-01-19 09:43:29.889719+08	31	22
68	项目审核通过	恭喜！您的项目《镁电解熔盐中杂质的绿色高效分离》审核通过。\n审核意见：通过	REVIEW	f	\N	2026-01-19 09:44:17.324659+08	31	22
69	项目审核通过	恭喜！您的项目《镁电解熔盐中杂质的绿色高效分离》审核通过。\n审核意见：通过	REVIEW	f	\N	2026-01-19 10:01:46.04886+08	31	22
70	中期报告提交成功	项目《电解熔盐中杂质的绿色高效分离》中期报告已提交，等待审核。	PROJECT	f	\N	2026-01-19 10:20:23.666077+08	31	22
71	中期报告待审核	项目《电解熔盐中杂质的绿色高效分离》中期报告已提交，请及时审核。	REVIEW	f	\N	2026-01-19 10:20:23.670798+08	170	22
72	中期报告待审核	项目《电解熔盐中杂质的绿色高效分离》中期报告已提交，请及时审核。	REVIEW	f	\N	2026-01-19 10:20:23.672355+08	169	22
73	项目审核通过	恭喜！您的项目《电解熔盐中杂质的绿色高效分离》审核通过。\n审核意见：通过	REVIEW	f	\N	2026-01-19 10:21:12.524138+08	31	22
74	项目审核通过	恭喜！您的项目《电解熔盐中杂质的绿色高效分离》审核通过。\n审核意见：通过	REVIEW	f	\N	2026-01-19 10:21:46.825772+08	31	22
75	项目审核通过	恭喜！您的项目《镁电解熔盐中杂质的绿色高效分离》审核通过。\n审核意见：通过	REVIEW	f	\N	2026-01-20 22:01:09.164378+08	31	23
77	新的评审任务	项目《镁电解熔盐中杂质的绿色高效分离》已分配给您评审，请及时处理。	REVIEW	f	\N	2026-01-20 22:09:08.164833+08	167	23
78	项目审核通过	恭喜！您的项目《钢铁厂污泥配矿烧结对烟气成分的影响研究》审核通过。\n审核意见：通过	REVIEW	f	\N	2026-01-20 22:43:07.687721+08	98	25
59	新的评审任务	项目《镁电解熔盐中杂质的绿色高效分离》已分配给您评审，请及时处理。	REVIEW	t	2026-01-25 19:02:19.914843+08	2026-01-18 18:24:23.563756+08	168	22
76	新的评审任务	项目《镁电解熔盐中杂质的绿色高效分离》已分配给您评审，请及时处理。	REVIEW	t	2026-01-25 19:02:19.914843+08	2026-01-20 22:09:08.159833+08	168	23
79	新的评审任务	项目《钢铁厂污泥配矿烧结对烟气成分的影响研究》已分配给您评审，请及时处理。	REVIEW	t	2026-01-25 19:02:19.914843+08	2026-01-20 22:44:00.475504+08	168	25
80	新的评审任务	项目《钢铁厂污泥配矿烧结对烟气成分的影响研究》已分配给您评审，请及时处理。	REVIEW	f	\N	2026-01-20 22:44:00.479518+08	167	25
81	项目审核通过	恭喜！您的项目《镁电解熔盐中杂质的绿色高效分离》审核通过。\n审核意见：通过	REVIEW	f	\N	2026-01-20 22:46:07.210358+08	31	23
82	项目审核通过	恭喜！您的项目《钢铁厂污泥配矿烧结对烟气成分的影响研究》审核通过。\n审核意见：通过	REVIEW	f	\N	2026-01-20 22:47:10.090383+08	98	25
83	项目审核通过	恭喜！您的项目《镁电解熔盐中杂质的绿色高效分离》审核通过。\n审核意见：通过	REVIEW	f	\N	2026-01-20 22:48:48.961355+08	31	23
84	项目审核通过	恭喜！您的项目《镁电解熔盐中杂质的绿色高效分离》审核通过。	REVIEW	f	\N	2026-01-20 22:49:04.62316+08	31	23
86	项目审核通过	恭喜！您的项目《镁电解熔盐中杂质的绿色高效分离》审核通过。\n审核意见：通过	REVIEW	f	\N	2026-01-20 22:49:55.104303+08	31	23
87	项目审核通过	恭喜！您的项目《镁电解熔盐中杂质的绿色高效分离》审核通过。	REVIEW	f	\N	2026-01-20 22:50:11.379152+08	31	23
88	中期报告提交成功	项目《镁电解熔盐中杂质的绿色高效分离》中期报告已提交，等待审核。	PROJECT	f	\N	2026-01-20 22:52:16.371819+08	31	23
89	中期报告待审核	项目《镁电解熔盐中杂质的绿色高效分离》中期报告已提交，请及时审核。	REVIEW	f	\N	2026-01-20 22:52:16.375327+08	170	23
90	项目审核通过	恭喜！您的项目《镁电解熔盐中杂质的绿色高效分离》审核通过。\n审核意见：通过	REVIEW	f	\N	2026-01-20 22:53:33.208287+08	31	23
92	项目审核通过	恭喜！您的项目《镁电解熔盐中杂质的绿色高效分离》审核通过。\n审核意见：通过	REVIEW	f	\N	2026-01-20 22:55:02.78423+08	31	23
93	项目审核通过	恭喜！您的项目《镁电解熔盐中杂质的绿色高效分离》审核通过。	REVIEW	f	\N	2026-01-20 22:55:27.1595+08	31	23
94	项目审核通过	恭喜！您的项目《钢包浇注末期汇流旋涡形成机理及其临界高度的预测模型》审核通过。\n审核意见：通过	REVIEW	f	\N	2026-01-24 18:00:22.801089+08	90	26
96	新的评审任务	项目《钢包浇注末期汇流旋涡形成机理及其临界高度的预测模型》已分配给您评审，请及时处理。	REVIEW	f	\N	2026-01-24 18:01:50.18804+08	167	26
97	项目审核通过	恭喜！您的项目《钢包浇注末期汇流旋涡形成机理及其临界高度的预测模型》审核通过。\n审核意见：通过	REVIEW	f	\N	2026-01-24 18:03:17.771604+08	90	26
98	项目审核通过	恭喜！您的项目《钢包浇注末期汇流旋涡形成机理及其临界高度的预测模型》审核通过。\n审核意见：通过	REVIEW	f	\N	2026-01-24 18:04:23.837159+08	90	26
99	项目审核通过	恭喜！您的项目《钢包浇注末期汇流旋涡形成机理及其临界高度的预测模型》审核通过。	REVIEW	f	\N	2026-01-24 18:04:39.820209+08	90	26
101	项目审核通过	恭喜！您的项目《钢包浇注末期汇流旋涡形成机理及其临界高度的预测模型》审核通过。\n审核意见：通过	REVIEW	f	\N	2026-01-24 18:06:16.615008+08	90	26
102	项目审核通过	恭喜！您的项目《钢包浇注末期汇流旋涡形成机理及其临界高度的预测模型》审核通过。	REVIEW	f	\N	2026-01-24 18:06:31.009225+08	90	26
103	项目审核通过	恭喜！您的项目《镁电解熔盐中杂质的绿色高效分离》审核通过。\n审核意见：通过	REVIEW	f	\N	2026-01-24 18:18:49.945244+08	31	23
105	项目审核通过	恭喜！您的项目《镁电解熔盐中杂质的绿色高效分离》审核通过。\n审核意见：通过	REVIEW	f	\N	2026-01-24 18:20:03.951306+08	31	23
107	项目审核通过	恭喜！您的项目《镁电解熔盐中杂质的绿色高效分离》审核通过。\n审核意见：通过	REVIEW	f	\N	2026-01-24 18:21:03.520664+08	31	23
40	新的评审任务	项目《12345123》已分配给您评审，请及时处理。	REVIEW	t	2026-01-24 18:21:15.404168+08	2026-01-15 04:07:23.52445+08	166	17
51	新的评审任务	项目《1234》已分配给您评审，请及时处理。	REVIEW	t	2026-01-24 18:21:15.404168+08	2026-01-15 11:07:41.185411+08	166	20
64	新的评审任务	项目《镁电解熔盐中杂质的绿色高效分离》已分配给您评审，请及时处理。	REVIEW	t	2026-01-24 18:21:15.404168+08	2026-01-18 18:29:02.249463+08	166	22
85	新的评审任务	项目《镁电解熔盐中杂质的绿色高效分离》已分配给您评审，请及时处理。	REVIEW	t	2026-01-24 18:21:15.404168+08	2026-01-20 22:49:29.414256+08	166	23
100	新的评审任务	项目《钢包浇注末期汇流旋涡形成机理及其临界高度的预测模型》已分配给您评审，请及时处理。	REVIEW	t	2026-01-24 18:21:15.404168+08	2026-01-24 18:05:35.992262+08	166	26
106	新的评审任务	项目《镁电解熔盐中杂质的绿色高效分离》已分配给您评审，请及时处理。	REVIEW	t	2026-01-24 18:21:15.404168+08	2026-01-24 18:20:47.408521+08	166	23
108	项目审核通过	恭喜！您的项目《基于零膨润土高比例赤褐铁矿制备球团及强化焙烧研究》审核通过。\n审核意见：通过	REVIEW	f	\N	2026-01-25 18:51:20.528827+08	78	27
110	项目审核通过	恭喜！您的项目《基于零膨润土高比例赤褐铁矿制备球团及强化焙烧研究》审核通过。\n审核意见：通过	REVIEW	f	\N	2026-01-25 18:53:41.198415+08	78	27
111	项目审核通过	恭喜！您的项目《基于零膨润土高比例赤褐铁矿制备球团及强化焙烧研究》审核通过。\n审核意见：通过	REVIEW	f	\N	2026-01-25 18:54:06.613665+08	78	27
91	新的评审任务	项目《镁电解熔盐中杂质的绿色高效分离》已分配给您评审，请及时处理。	REVIEW	t	2026-01-25 19:02:19.914843+08	2026-01-20 22:54:36.802307+08	168	23
95	新的评审任务	项目《钢包浇注末期汇流旋涡形成机理及其临界高度的预测模型》已分配给您评审，请及时处理。	REVIEW	t	2026-01-25 19:02:19.914843+08	2026-01-24 18:01:50.182526+08	168	26
104	新的评审任务	项目《镁电解熔盐中杂质的绿色高效分离》已分配给您评审，请及时处理。	REVIEW	t	2026-01-25 19:02:19.914843+08	2026-01-24 18:19:32.885987+08	168	23
109	新的评审任务	项目《基于零膨润土高比例赤褐铁矿制备球团及强化焙烧研究》已分配给您评审，请及时处理。	REVIEW	t	2026-01-25 19:02:19.914843+08	2026-01-25 18:52:32.989581+08	168	27
\.


--
-- Data for Name: project_achievements; Type: TABLE DATA; Schema: public; Owner: postgres
--

COPY public.project_achievements (id, title, description, authors, journal, publication_date, doi, patent_no, patent_type, applicant, copyright_no, copyright_owner, competition_name, award_level, award_date, attachment, created_at, updated_at, achievement_type_id, project_id, extra_data) FROM stdin;
3	123	123			\N									\N	achievements/0_lp8To1M.pdf	2026-01-15 04:10:42.49589+08	2026-01-15 04:13:11.411629+08	64	17	{}
4	123	123			\N									\N	achievements/ChatGPT-周期采样与事件触发_1_sOeO4na.pdf	2026-01-22 10:46:05.789268+08	2026-01-22 10:49:49.348101+08	184	23	{}
\.


--
-- Data for Name: project_advisors; Type: TABLE DATA; Schema: public; Owner: postgres
--

COPY public.project_advisors (id, "order", project_id, user_id) FROM stdin;
44	0	17	152
49	0	20	152
51	0	21	168
54	0	22	170
55	1	22	169
57	0	23	170
59	0	25	169
62	0	26	163
63	1	26	162
65	0	27	161
\.


--
-- Data for Name: project_archives; Type: TABLE DATA; Schema: public; Owner: postgres
--

COPY public.project_archives (id, snapshot, attachments, archived_at, project_id, metadata) FROM stdin;
2	{"id": 17, "batch": 7, "level": "省级", "title": "12345123", "budget": "3000.00", "leader": 31, "source": "TEACHER_RESEARCH", "status": "CLOSED", "college": "计算机科学与技术学院", "ranking": null, "category": "ENTREPRENEURSHIP_TRAINING", "end_date": null, "batch_name": "2026第二批", "batch_year": 2026, "created_at": "2026-01-15 04:03:29", "major_code": "110", "project_no": "2026107000001", "start_date": null, "updated_at": "2026-01-15 04:13:11", "description": "1234", "leader_name": "王凯", "final_report": "/media/final_reports/0_h57niS4.pdf", "is_key_field": true, "leader_email": "wangk2829@gmail.com", "leader_grade": "2023", "leader_major": "110", "members_info": [{"id": 95, "name": "姜茹茹", "role": "MEMBER", "user": 30, "join_date": "2026-01-15", "user_name": "姜茹茹", "student_id": "239074320", "contribution": ""}], "self_funding": "0.00", "submitted_at": "2026-01-15 04:03:49", "advisors_info": [{"id": 44, "name": "周建平", "user": 152, "email": "", "order": 0, "title": "教工", "contact": "", "user_name": "周建平", "department": "教工", "job_number": "052812"}], "contract_file": null, "level_display": "省级", "proposal_file": "/media/proposals/0_vHjJ3uu.pdf", "research_plan": "", "leader_contact": "18297838360", "source_display": "面向教师科研类", "status_display": "已结题", "task_book_file": null, "approved_budget": "3000.00", "attachment_file": null, "key_domain_code": "202406", "mid_term_report": "/media/mid_term_reports/0_IjzOokF.pdf", "achievement_file": "/media/achievements/0_VahHwDB.pdf", "category_display": "创业训练项目", "expected_results": "1234", "final_report_url": "/media/final_reports/0_h57niS4.pdf", "research_content": "", "contract_file_url": "", "final_report_name": "final_reports/0_h57niS4.pdf", "innovation_points": "", "leader_class_name": "软232", "leader_department": "", "leader_student_id": "239074336", "proposal_file_url": "/media/proposals/0_vHjJ3uu.pdf", "achievements_count": 1, "closure_applied_at": "2026-01-15 04:13:11", "contract_file_name": "", "proposal_file_name": "proposals/0_vHjJ3uu.pdf", "task_book_file_url": "", "achievement_summary": "123", "attachment_file_url": "", "mid_term_report_url": "/media/mid_term_reports/0_IjzOokF.pdf", "task_book_file_name": "", "achievement_file_url": "/media/achievements/0_VahHwDB.pdf", "attachment_file_name": "", "category_description": "", "mid_term_report_name": "mid_term_reports/0_IjzOokF.pdf", "achievement_file_name": "achievements/0_VahHwDB.pdf", "expected_results_data": [{"expected_count": 1, "achievement_type": "论文"}]}	[{"url": "/media/proposals/0_vHjJ3uu.pdf", "name": "proposals/0_vHjJ3uu.pdf", "size": 13, "field": "proposal_file"}, {"url": "/media/mid_term_reports/0_IjzOokF.pdf", "name": "mid_term_reports/0_IjzOokF.pdf", "size": 13, "field": "mid_term_report"}, {"url": "/media/final_reports/0_h57niS4.pdf", "name": "final_reports/0_h57niS4.pdf", "size": 13, "field": "final_report"}, {"url": "/media/achievements/0_VahHwDB.pdf", "name": "achievements/0_VahHwDB.pdf", "size": 13, "field": "achievement_file"}, {"name": "achievements/0_lp8To1M.pdf", "type": "achievement", "field": "achievement_3", "achievement_type": "论文"}]	2026-01-15 04:18:08.842386+08	17	{}
3	{"id": 23, "batch": 9, "level": "国家级", "title": "镁电解熔盐中杂质的绿色高效分离", "budget": "10000.00", "leader": 31, "source": "TEACHER_RESEARCH", "status": "CLOSED", "college": "计算机科学与技术学院", "category": "创新训练项目", "end_date": null, "batch_name": "2026-A", "batch_year": 2026, "created_at": "2026-01-20 21:43:05", "major_code": "110", "project_no": "2026107000005", "start_date": null, "updated_at": "2026-01-24 18:20:16", "description": "熔盐电解法是工业上生产金属镁的常用方法。在电解法生产金属镁的过程中，氯化镁原料和电解槽损耗会引入有害的金属杂质，对镁电解过程产生不利影响。本项目通过控电位电解的方法对熔盐中的Fe(III)、Mn(II)和Al(III)等典型杂质进行分离，为熔盐电解制备高纯度金属镁提供理论依据。采用控电位电解法对NaCl-KCl-MgCl2熔盐中的金属杂质进行分离并计算镁电解质体系中杂质的去除率。", "leader_name": "王凯", "final_report": "/media/final_reports/ChatGPT-%E5%91%A8%E6%9C%9F%E9%87%87%E6%A0%B7%E4%B8%8E%E4%BA%8B%E4%BB%B6%E8%A7%A6%E5%8F%91_1.pdf", "is_key_field": true, "leader_email": "wangk2829@gmail.com", "leader_grade": "2023", "leader_major": "110", "members_info": [{"id": 108, "name": "周全", "role": "MEMBER", "user": 98, "join_date": "2026-01-20", "user_name": "周全", "student_id": "239074420", "contribution": ""}], "submitted_at": "2026-01-20 21:52:09", "advisors_info": [{"id": 57, "name": "刘恒", "user": 170, "email": "", "order": 0, "title": "教工", "contact": "", "user_name": "刘恒", "department": "教工", "job_number": "20140070"}], "level_display": "国家级", "proposal_file": "/media/proposals/V1.pdf", "leader_contact": "18297838360", "source_display": "面向教师科研类", "status_display": "已结题", "approved_budget": "10000.00", "attachment_file": null, "key_domain_code": "202406", "mid_term_report": "/media/mid_term_reports/V1.pdf", "achievement_file": "/media/achievements/ChatGPT-%E5%91%A8%E6%9C%9F%E9%87%87%E6%A0%B7%E4%B8%8E%E4%BA%8B%E4%BB%B6%E8%A7%A6%E5%8F%91_1.pdf", "category_display": "创新训练项目", "expected_results": "结题报告", "final_report_url": "/media/final_reports/ChatGPT-%E5%91%A8%E6%9C%9F%E9%87%87%E6%A0%B7%E4%B8%8E%E4%BA%8B%E4%BB%B6%E8%A7%A6%E5%8F%91_1.pdf", "final_report_name": "final_reports/ChatGPT-周期采样与事件触发_1.pdf", "leader_class_name": "软232", "leader_department": "", "leader_student_id": "239074336", "proposal_file_url": "/media/proposals/V1.pdf", "achievements_count": 1, "closure_applied_at": "2026-01-22 10:49:49", "proposal_file_name": "proposals/V1.pdf", "attachment_file_url": "", "mid_term_report_url": "/media/mid_term_reports/V1.pdf", "achievement_file_url": "/media/achievements/ChatGPT-%E5%91%A8%E6%9C%9F%E9%87%87%E6%A0%B7%E4%B8%8E%E4%BA%8B%E4%BB%B6%E8%A7%A6%E5%8F%91_1.pdf", "attachment_file_name": "", "mid_term_report_name": "mid_term_reports/V1.pdf", "achievement_file_name": "achievements/ChatGPT-周期采样与事件触发_1.pdf", "expected_results_data": [{"expected_count": 1, "achievement_type": "结题报告"}]}	[{"url": "/media/proposals/V1.pdf", "name": "proposals/V1.pdf", "size": 1274782, "field": "proposal_file"}, {"url": "/media/mid_term_reports/V1.pdf", "name": "mid_term_reports/V1.pdf", "size": 1274782, "field": "mid_term_report"}, {"url": "/media/final_reports/ChatGPT-%E5%91%A8%E6%9C%9F%E9%87%87%E6%A0%B7%E4%B8%8E%E4%BA%8B%E4%BB%B6%E8%A7%A6%E5%8F%91_1.pdf", "name": "final_reports/ChatGPT-周期采样与事件触发_1.pdf", "size": 720038, "field": "final_report"}, {"url": "/media/achievements/ChatGPT-%E5%91%A8%E6%9C%9F%E9%87%87%E6%A0%B7%E4%B8%8E%E4%BA%8B%E4%BB%B6%E8%A7%A6%E5%8F%91_1.pdf", "name": "achievements/ChatGPT-周期采样与事件触发_1.pdf", "size": 720038, "field": "achievement_file"}, {"name": "achievements/ChatGPT-周期采样与事件触发_1_sOeO4na.pdf", "type": "achievement", "field": "achievement_4", "achievement_type": "结题报告"}]	2026-01-24 18:21:40.117226+08	23	{}
\.


--
-- Data for Name: project_batches; Type: TABLE DATA; Schema: public; Owner: postgres
--

COPY public.project_batches (id, name, year, code, is_current, is_active, created_at, updated_at, status, is_deleted) FROM stdin;
10	2025-B	2026	2025-B	f	t	2026-01-18 16:35:52.82855+08	2026-01-19 10:23:01.01424+08	finished	f
9	2026-A	2026	2026-A	t	t	2026-01-18 16:33:54.787315+08	2026-01-20 21:38:32.645137+08	active	f
\.


--
-- Data for Name: project_change_requests; Type: TABLE DATA; Schema: public; Owner: postgres
--

COPY public.project_change_requests (id, request_type, reason, change_data, attachment, status, submitted_at, reviewed_at, created_at, updated_at, created_by_id, project_id) FROM stdin;
1	CHANGE		{"title": "电解熔盐中杂质的绿色高效分离"}	change_requests/0.pdf	APPROVED	2026-01-19 09:42:44.777904+08	2026-01-19 10:01:46.038641+08	2026-01-19 09:41:50.268529+08	2026-01-19 09:41:50.26854+08	31	22
\.


--
-- Data for Name: project_change_reviews; Type: TABLE DATA; Schema: public; Owner: postgres
--

COPY public.project_change_reviews (id, status, comments, reviewed_at, created_at, change_request_id, reviewer_id, workflow_node_id) FROM stdin;
1	APPROVED	通过	2026-01-19 09:43:29.872708+08	2026-01-19 09:42:44.78962+08	1	170	65
2	APPROVED	通过	2026-01-19 09:44:17.311489+08	2026-01-19 09:43:29.883529+08	1	133	66
3	APPROVED	通过	2026-01-19 10:01:46.017431+08	2026-01-19 09:44:17.319473+08	1	1	67
\.


--
-- Data for Name: project_expenditure_reviews; Type: TABLE DATA; Schema: public; Owner: postgres
--

COPY public.project_expenditure_reviews (id, status, comments, reviewed_at, created_at, expenditure_id, reviewer_id, workflow_node_id) FROM stdin;
2	APPROVED		2026-01-18 22:38:30.143839+08	2026-01-18 22:37:38.114746+08	4	133	63
3	PENDING		\N	2026-01-18 22:39:49.237067+08	5	\N	63
4	PENDING		\N	2026-01-24 18:08:04.818447+08	6	\N	80
\.


--
-- Data for Name: project_expenditures; Type: TABLE DATA; Schema: public; Owner: postgres
--

COPY public.project_expenditures (id, title, amount, expenditure_date, proof_file, status, created_at, created_by_id, project_id, is_deleted, review_comment, reviewed_at, reviewed_by_id, updated_at, leader_review_status, leader_reviewed_at, leader_review_comment, leader_reviewed_by_id, current_node_id) FROM stdin;
2	12	500.00	2026-01-21	expenditures/pdf模板_-_Google_搜索_Pk4URbA.pdf	RECORDED	2026-01-15 11:16:49.877374+08	30	20	f		\N	\N	2026-01-15 11:16:49.877383+08	SKIPPED	\N		\N	\N
4	鼠标	50.00	2026-01-13	expenditures/2025-12-17_16-33_qWYwenF.png	APPROVED	2026-01-18 22:37:38.100353+08	31	22	f		2026-01-18 22:38:30.151779+08	133	2026-01-18 22:38:30.151833+08	SKIPPED	\N		\N	\N
5	键盘	100.00	2026-01-14	expenditures/2025-12-17_16-33_KbvLa7k.png	PENDING	2026-01-18 22:39:26.332067+08	98	22	f		\N	\N	2026-01-18 22:39:49.238391+08	APPROVED	2026-01-18 22:39:49.226907+08		31	63
6	买键盘	200.00	2026-01-21	expenditures/ER.drawio.png	PENDING	2026-01-24 18:08:04.810284+08	90	26	f		\N	\N	2026-01-24 18:08:04.823354+08	SKIPPED	\N		\N	80
7	鼠标	150.00	2026-01-06	expenditures/239074336王凯基于DjangoVue3的大创项目管理系统.pdf	PENDING	2026-01-24 18:09:39.605339+08	89	26	f		\N	\N	2026-01-24 18:09:39.605339+08	PENDING	\N		\N	\N
\.


--
-- Data for Name: project_members; Type: TABLE DATA; Schema: public; Owner: postgres
--

COPY public.project_members (id, role, join_date, contribution, project_id, user_id) FROM stdin;
95	MEMBER	2026-01-15		17	30
100	MEMBER	2026-01-15		20	31
102	MEMBER	2026-01-15		21	31
105	MEMBER	2026-01-18		22	98
106	MEMBER	2026-01-18		22	97
108	MEMBER	2026-01-20		23	98
110	MEMBER	2026-01-20		25	96
113	MEMBER	2026-01-24		26	89
114	MEMBER	2026-01-24		26	88
116	MEMBER	2026-01-25		27	56
\.


--
-- Data for Name: project_phase_instances; Type: TABLE DATA; Schema: public; Owner: postgres
--

COPY public.project_phase_instances (id, phase, attempt_no, step, state, return_to, returned_reason, returned_at, created_at, updated_at, created_by_id, project_id, current_node_id) FROM stdin;
10	APPLICATION	1	PUBLISHED	COMPLETED			\N	2026-01-15 04:03:49.598384+08	2026-01-15 04:08:29.712296+08	\N	17	39
11	MID_TERM	1	COMPLETED	COMPLETED			\N	2026-01-15 04:08:52.30736+08	2026-01-15 04:09:36.056547+08	\N	17	42
12	CLOSURE	1	COMPLETED	COMPLETED			\N	2026-01-15 04:13:11.418452+08	2026-01-15 04:18:08.867937+08	31	17	46
13	APPLICATION	1	PUBLISHED	COMPLETED			\N	2026-01-15 10:28:29.953098+08	2026-01-15 11:08:34.646599+08	\N	20	39
14	APPLICATION	1	SCHOOL_PUBLISH	IN_PROGRESS			\N	2026-01-15 11:12:24.76305+08	2026-01-15 11:12:24.763059+08	\N	21	39
15	APPLICATION	1	PUBLISHED	COMPLETED			\N	2026-01-18 17:51:38.574738+08	2026-01-18 18:29:48.868647+08	31	22	54
16	MID_TERM	1	COMPLETED	COMPLETED			\N	2026-01-19 10:20:23.63407+08	2026-01-19 10:21:46.819538+08	31	22	57
18	APPLICATION	1	COLLEGE_REVIEW	IN_PROGRESS			\N	2026-01-20 22:40:20.744392+08	2026-01-20 22:40:20.744392+08	98	25	70
17	APPLICATION	1	PUBLISHED	COMPLETED			\N	2026-01-20 21:52:09.840566+08	2026-01-20 22:50:11.375154+08	31	23	71
19	MID_TERM	1	COMPLETED	COMPLETED			\N	2026-01-20 22:52:16.356258+08	2026-01-20 22:55:27.157487+08	31	23	74
21	APPLICATION	1	PUBLISHED	COMPLETED			\N	2026-01-24 17:59:33.473608+08	2026-01-24 18:06:31.005051+08	90	26	71
20	CLOSURE	1	COMPLETED	COMPLETED			\N	2026-01-22 10:49:49.36571+08	2026-01-24 18:21:40.120743+08	31	23	78
22	APPLICATION	1	SCHOOL_PUBLISH	IN_PROGRESS			\N	2026-01-25 18:50:46.226795+08	2026-01-25 18:50:46.226795+08	78	27	71
\.


--
-- Data for Name: projects; Type: TABLE DATA; Schema: public; Owner: postgres
--

COPY public.projects (id, project_no, title, description, is_key_field, start_date, end_date, budget, expected_results, proposal_file, attachment_file, final_report, achievement_file, status, created_at, updated_at, submitted_at, closure_applied_at, category_id, leader_id, level_id, source_id, year, key_domain_code, mid_term_report, mid_term_submitted_at, approved_budget, batch_id, expected_results_data) FROM stdin;
17	2026107000001	12345123	1234	t	\N	\N	3000.00	1234	proposals/0_vHjJ3uu.pdf		final_reports/0_h57niS4.pdf	achievements/0_VahHwDB.pdf	CLOSED	2026-01-15 04:03:29.478575+08	2026-01-15 04:13:11.421882+08	2026-01-15 04:03:49.588525+08	2026-01-15 04:13:11.407042+08	44	31	54	1	2026	202406	mid_term_reports/0_IjzOokF.pdf	2026-01-15 04:08:52.293516+08	3000.00	\N	[{"expected_count": 1, "achievement_type": "论文"}]
21	2026107000003	1	123	f	\N	\N	1000.00	123	proposals/pdf模板_-_Google_搜索_ykmRPy6.pdf				LEVEL1_AUDITING	2026-01-15 11:12:13.711141+08	2026-01-15 11:15:26.132408+08	2026-01-15 11:12:24.754577+08	\N	8	25	53	1	2026			\N	\N	\N	[{"expected_count": 1, "achievement_type": "论文"}]
20	2026107000002	1234	123	t	\N	\N	1000.00	123	proposals/pdf模板_-_Google_搜索_jUTNZUa.pdf				IN_PROGRESS	2026-01-15 10:28:17.364829+08	2026-01-15 11:08:34.634701+08	2026-01-15 10:28:29.946222+08	\N	8	30	53	1	2026	202406		\N	999.00	\N	[{"expected_count": 1, "achievement_type": "论文"}]
22	2026107000004	电解熔盐中杂质的绿色高效分离	熔盐电解法是工业上生产金属镁的常用方法。在电解法生产金属镁的过程中，氯化镁原料和电解槽损耗会引入有害的金属杂质，对镁电解过程产生不利影响。本项目通过控电位电解的方法对熔盐中的Fe(III)、Mn(II)和Al(III)等典型杂质进行分离，为熔盐电解制备高纯度金属镁提供理论依据。采用控电位电解法对NaCl-KCl-MgCl2熔盐中的金属杂质进行分离并计算镁电解质体系中杂质的去除率。	t	\N	\N	10000.00	结题报告	proposals/0_ejrGm1J.pdf				READY_FOR_CLOSURE	2026-01-18 17:51:32.912569+08	2026-01-19 10:21:12.510345+08	2026-01-18 17:51:38.568168+08	\N	8	31	55	1	2026	202406	mid_term_reports/0_Eo5UlU9.pdf	2026-01-19 10:20:23.590604+08	9999.00	10	[{"expected_count": 1, "achievement_type": "结题报告"}]
25	2026107000006	钢铁厂污泥配矿烧结对烟气成分的影响研究	本项目拟从污泥固废特性解析、污泥配矿烧结实验、污泥配矿烧结有害组分脱除及对烟气组成的影响实验研究、污泥配矿烧结对废弃物的影响实验研究技术路线来开展研究工作，查明污泥配矿比例增加对烧结产质量指标及烟气污染物排放的影响规律，最终确定污泥配矿烧结极限添加比例，为污泥配矿烧结稳定运行提供技术支持。	f	\N	\N	1000.00	结题报告	proposals/V1_1_qEFR4rw.pdf				COLLEGE_AUDITING	2026-01-20 22:40:14.993091+08	2026-01-20 22:43:07.678428+08	2026-01-20 22:40:20.728102+08	\N	8	98	53	62	2026			\N	\N	9	[{"expected_count": 1, "achievement_type": "结题报告"}]
26	2026107000007	钢包浇注末期汇流旋涡形成机理及其临界高度的预测模型	本项目以流体从反应器内排空过程中产生的汇流旋涡为研究对象，采用水模拟实验结合低温合金热态实验对汇流旋涡的形成和演化进行研究。分别在有无电磁场作用下，探索钢液非稳态流动旋涡界面演化与边界层的相互作用机理。并建立基于机器学习算法的电磁场作用下钢包浇注末期汇流旋涡临界高度的预测模型。	f	\N	\N	10000.00	结题报告	proposals/大学生创新创业管理系统设计方案.pdf				IN_PROGRESS	2026-01-24 17:59:28.119646+08	2026-01-24 18:06:30.994957+08	2026-01-24 17:59:33.459004+08	\N	44	90	55	1	2026			\N	9999.00	9	[{"expected_count": 1, "achievement_type": "结题报告"}]
23	2026107000005	镁电解熔盐中杂质的绿色高效分离	熔盐电解法是工业上生产金属镁的常用方法。在电解法生产金属镁的过程中，氯化镁原料和电解槽损耗会引入有害的金属杂质，对镁电解过程产生不利影响。本项目通过控电位电解的方法对熔盐中的Fe(III)、Mn(II)和Al(III)等典型杂质进行分离，为熔盐电解制备高纯度金属镁提供理论依据。采用控电位电解法对NaCl-KCl-MgCl2熔盐中的金属杂质进行分离并计算镁电解质体系中杂质的去除率。	t	\N	\N	10000.00	结题报告	proposals/V1.pdf		final_reports/ChatGPT-周期采样与事件触发_1.pdf	achievements/ChatGPT-周期采样与事件触发_1.pdf	CLOSED	2026-01-20 21:43:05.946417+08	2026-01-24 18:20:16.118998+08	2026-01-20 21:52:09.825803+08	2026-01-22 10:49:49.338787+08	8	31	55	1	2026	202406	mid_term_reports/V1.pdf	2026-01-20 22:52:16.34014+08	10000.00	9	[{"expected_count": 1, "achievement_type": "结题报告"}]
27	2026107000008	基于零膨润土高比例赤褐铁矿制备球团及强化焙烧研究	为拓宽冶金球团原料，优化高炉炉料结构，基于预处理褐铁矿的物化特性，探索不同褐铁矿比例对球团性能的影响规律；利用褐铁矿球团的高铝特点，调整MgO含量提高褐铁矿球团强度；基于高比例褐铁矿球团内配焦化除尘灰强化焙烧机理，通过带式焙烧机模拟平台，开展研究配碳量对褐铁矿球团质量以及料层偏析程度的影响规律，确定不同高炉除尘灰配比下最佳的预热焙烧工艺。为球团生产膨润土降耗、提高球团品位、降低生产成本提供重要参考	f	\N	\N	1000.00	结题报告	proposals/大学生创新创业管理系统设计方案_MyFZ8YK.pdf				LEVEL1_AUDITING	2026-01-25 18:50:36.81713+08	2026-01-25 18:54:06.605384+08	2026-01-25 18:50:46.206166+08	\N	44	78	53	1	2026			\N	\N	9	[{"expected_count": 1, "achievement_type": "结题报告"}]
\.


--
-- Data for Name: reviews; Type: TABLE DATA; Schema: public; Owner: postgres
--

COPY public.reviews (id, review_type, status, comments, score, closure_rating, created_at, reviewed_at, project_id, reviewer_id, phase_instance_id, score_details, workflow_node_id, is_expert_review) FROM stdin;
55	APPLICATION	APPROVED	通过	0	\N	2026-01-18 17:51:38.585901+08	2026-01-18 18:21:59.374655+08	22	170	15	[]	52	f
57	APPLICATION	APPROVED	通过	0	\N	2026-01-18 18:24:23.56321+08	2026-01-18 18:25:11.560728+08	22	168	15	[]	53	t
58	APPLICATION	APPROVED	通过	0	\N	2026-01-18 18:24:23.565963+08	2026-01-18 18:25:39.44404+08	22	167	15	[]	53	t
56	APPLICATION	APPROVED	通过	0	\N	2026-01-18 18:21:59.381455+08	2026-01-18 18:26:16.869999+08	22	133	15	[]	53	f
60	APPLICATION	APPROVED	通过	0	\N	2026-01-18 18:29:02.248553+08	2026-01-18 18:29:33.895505+08	22	166	15	[]	54	t
59	APPLICATION	APPROVED		0	\N	2026-01-18 18:26:16.878388+08	2026-01-18 18:29:48.863063+08	22	1	15	[]	54	f
61	MID_TERM	APPROVED	通过	0	\N	2026-01-19 10:20:23.662527+08	2026-01-19 10:21:12.499693+08	22	170	16	[]	56	f
62	MID_TERM	APPROVED	通过	0	\N	2026-01-19 10:21:12.515953+08	2026-01-19 10:21:46.814431+08	22	133	16	[]	57	f
38	APPLICATION	APPROVED	123	0	\N	2026-01-15 04:03:49.601554+08	2026-01-15 04:04:26.251668+08	17	152	10	[]	\N	f
40	APPLICATION	APPROVED	1	0	\N	2026-01-15 04:05:30.645899+08	2026-01-15 04:06:05.445404+08	17	170	10	[]	\N	t
39	APPLICATION	APPROVED	1	0	\N	2026-01-15 04:04:26.258465+08	2026-01-15 04:06:26.006337+08	17	133	10	[]	\N	f
42	APPLICATION	APPROVED	1	0	\N	2026-01-15 04:07:23.523502+08	2026-01-15 04:08:13.441258+08	17	166	10	[]	\N	t
41	APPLICATION	APPROVED	1	0	\N	2026-01-15 04:06:26.012412+08	2026-01-15 04:08:29.706801+08	17	1	10	[]	\N	f
43	MID_TERM	APPROVED	123	0	\N	2026-01-15 04:08:52.310519+08	2026-01-15 04:09:17.060472+08	17	152	11	[]	\N	f
44	MID_TERM	APPROVED	123	0	\N	2026-01-15 04:09:17.069731+08	2026-01-15 04:09:36.052872+08	17	133	11	[]	\N	f
45	CLOSURE	APPROVED		\N	\N	2026-01-15 04:13:11.425622+08	2026-01-15 04:18:08.824645+08	17	1	12	[]	\N	f
46	APPLICATION	APPROVED	123	0	\N	2026-01-15 10:28:29.955758+08	2026-01-15 10:44:25.846851+08	20	152	13	[]	\N	f
48	APPLICATION	APPROVED	123	0	\N	2026-01-15 10:46:58.106121+08	2026-01-15 10:56:53.793221+08	20	170	13	[]	\N	t
47	APPLICATION	APPROVED		0	\N	2026-01-15 10:44:25.856017+08	2026-01-15 10:57:25.894384+08	20	133	13	[]	\N	f
50	APPLICATION	APPROVED	12	0	\N	2026-01-15 11:07:41.184601+08	2026-01-15 11:08:11.929339+08	20	166	13	[]	\N	t
49	APPLICATION	APPROVED	1	0	\N	2026-01-15 10:57:25.900754+08	2026-01-15 11:08:34.641997+08	20	1	13	[]	\N	f
51	APPLICATION	APPROVED	123	0	\N	2026-01-15 11:12:24.765959+08	2026-01-15 11:12:46.48439+08	21	168	14	[]	\N	f
53	APPLICATION	APPROVED	1	0	\N	2026-01-15 11:13:32.724744+08	2026-01-15 11:13:50.453635+08	21	170	14	[]	\N	t
52	APPLICATION	APPROVED		0	\N	2026-01-15 11:12:46.490973+08	2026-01-15 11:15:26.128732+08	21	133	14	[]	\N	f
54	APPLICATION	PENDING		\N	\N	2026-01-15 11:15:26.134698+08	\N	21	\N	14	[]	\N	f
63	APPLICATION	APPROVED	通过	0	\N	2026-01-20 21:52:09.855092+08	2026-01-20 22:01:09.146259+08	23	170	17	[]	69	f
67	APPLICATION	APPROVED	通过	0	\N	2026-01-20 22:40:20.760207+08	2026-01-20 22:43:07.66931+08	25	169	18	[]	69	f
68	APPLICATION	PENDING		\N	\N	2026-01-20 22:43:07.68245+08	\N	25	\N	18	[]	70	f
70	APPLICATION	PENDING		\N	\N	2026-01-20 22:44:00.478517+08	\N	25	167	18	[]	70	t
65	APPLICATION	APPROVED	通过	0	\N	2026-01-20 22:09:08.158848+08	2026-01-20 22:46:07.207377+08	23	168	17	[]	70	t
69	APPLICATION	APPROVED	通过	0	\N	2026-01-20 22:44:00.474489+08	2026-01-20 22:47:10.087383+08	25	168	18	[]	70	t
66	APPLICATION	APPROVED	通过	0	\N	2026-01-20 22:09:08.164833+08	2026-01-20 22:48:48.958384+08	23	167	17	[]	70	t
64	APPLICATION	APPROVED		0	\N	2026-01-20 22:01:09.159377+08	2026-01-20 22:49:04.609592+08	23	133	17	[]	70	f
72	APPLICATION	APPROVED	通过	0	\N	2026-01-20 22:49:29.412749+08	2026-01-20 22:49:55.10136+08	23	166	17	[]	71	t
71	APPLICATION	APPROVED		0	\N	2026-01-20 22:49:04.620158+08	2026-01-20 22:50:11.368627+08	23	1	17	[]	71	f
73	MID_TERM	APPROVED	通过	0	\N	2026-01-20 22:52:16.367796+08	2026-01-20 22:53:33.190669+08	23	170	19	[]	73	f
75	MID_TERM	APPROVED	通过	0	\N	2026-01-20 22:54:36.802307+08	2026-01-20 22:55:02.780228+08	23	168	19	[]	74	t
74	MID_TERM	APPROVED		0	\N	2026-01-20 22:53:33.20428+08	2026-01-20 22:55:27.151447+08	23	133	19	[]	74	f
77	APPLICATION	APPROVED	通过	0	\N	2026-01-24 17:59:33.488877+08	2026-01-24 18:00:22.783587+08	26	163	21	[]	69	f
79	APPLICATION	APPROVED	通过	0	\N	2026-01-24 18:01:50.181023+08	2026-01-24 18:03:17.767844+08	26	168	21	[]	70	t
80	APPLICATION	APPROVED	通过	0	\N	2026-01-24 18:01:50.187043+08	2026-01-24 18:04:23.83314+08	26	167	21	[]	70	t
78	APPLICATION	APPROVED		0	\N	2026-01-24 18:00:22.796234+08	2026-01-24 18:04:39.803427+08	26	133	21	[]	70	f
82	APPLICATION	APPROVED	通过	0	\N	2026-01-24 18:05:35.990257+08	2026-01-24 18:06:16.612471+08	26	166	21	[]	71	t
81	APPLICATION	APPROVED		0	\N	2026-01-24 18:04:39.816123+08	2026-01-24 18:06:30.999831+08	26	1	21	[]	71	f
76	CLOSURE	APPROVED	通过	0	\N	2026-01-22 10:49:49.379741+08	2026-01-24 18:18:49.926823+08	23	170	20	[]	76	f
84	CLOSURE	APPROVED	通过	0	\N	2026-01-24 18:19:32.884483+08	2026-01-24 18:20:03.948307+08	23	168	20	[]	77	t
83	CLOSURE	APPROVED		\N	\N	2026-01-24 18:18:49.94006+08	2026-01-24 18:20:16.114281+08	23	133	20	[]	77	f
86	CLOSURE	APPROVED	通过	0	\N	2026-01-24 18:20:47.40599+08	2026-01-24 18:21:03.517157+08	23	166	20	[]	78	t
85	CLOSURE	APPROVED		\N	\N	2026-01-24 18:20:16.121003+08	2026-01-24 18:21:40.08231+08	23	1	20	[]	78	f
87	APPLICATION	APPROVED	通过	0	\N	2026-01-25 18:50:46.241806+08	2026-01-25 18:51:20.508803+08	27	161	22	[]	69	f
89	APPLICATION	APPROVED	通过	0	\N	2026-01-25 18:52:32.98703+08	2026-01-25 18:53:41.194387+08	27	168	22	[]	70	t
88	APPLICATION	APPROVED	通过	0	\N	2026-01-25 18:51:20.523839+08	2026-01-25 18:54:06.598255+08	27	133	22	[]	70	f
90	APPLICATION	PENDING		\N	\N	2026-01-25 18:54:06.610787+08	\N	27	\N	22	[]	71	f
\.


--
-- Data for Name: roles; Type: TABLE DATA; Schema: public; Owner: postgres
--

COPY public.roles (id, code, name, is_system, is_active, default_route, sort_order, created_at, updated_at, scope_dimension) FROM stdin;
2	TEACHER	教师	t	t	/teacher/dashboard	2	2026-01-13 18:45:23.914927+08	2026-01-14 19:08:41.940838+08	\N
4	LEVEL2_ADMIN	学院管理员	f	t	/level2-admin/projects	4	2026-01-13 18:45:23.922797+08	2026-01-14 19:48:08.152256+08	COLLEGE
1	STUDENT	学生	t	t	/establishment/apply	1	2026-01-13 18:45:23.90865+08	2026-01-13 18:45:23.908659+08	\N
5	LEVEL1_ADMIN	校级管理员	t	t	/level1-admin/statistics	5	2026-01-13 18:45:23.928367+08	2026-01-14 19:08:41.941854+08	\N
\.


--
-- Data for Name: system_settings; Type: TABLE DATA; Schema: public; Owner: postgres
--

COPY public.system_settings (id, code, name, data, is_locked, is_active, created_at, updated_at, updated_by_id, batch_id) FROM stdin;
49	APPLICATION_WINDOW	立项流程时间设置	{"end": "2026-01-31", "start": "2026-01-01", "enabled": true}	f	t	2026-01-18 17:21:05.214259+08	2026-01-19 10:19:46.890087+08	1	10
50	MIDTERM_WINDOW	中期流程时间设置	{"end": "2026-01-31", "start": "2026-01-01", "enabled": true}	f	t	2026-01-18 17:21:05.238141+08	2026-01-19 10:19:46.975635+08	1	10
51	CLOSURE_WINDOW	结题流程时间设置	{"end": "2026-01-31", "start": "2026-01-01", "enabled": true}	f	t	2026-01-18 17:21:05.258589+08	2026-01-19 10:19:47.028913+08	1	10
54	REVIEW_RULES	审核规则配置	{"teacher_application_comment_min": 0}	f	t	2026-01-18 17:21:05.308206+08	2026-01-18 17:21:05.308214+08	1	10
55	VALIDATION_RULES	校验规则配置	{"title_max_length": 200, "title_min_length": 0}	f	t	2026-01-18 17:21:05.323815+08	2026-01-18 17:21:05.323824+08	1	10
52	LIMIT_RULES	限制与校验规则	{"max_members": 5, "dedupe_title": true, "max_advisors": 2, "max_student_active": 1, "max_student_member": 1, "max_teacher_active": 5}	f	t	2026-01-18 17:21:05.273765+08	2026-01-18 17:21:05.273775+08	1	10
53	PROCESS_RULES	流程规则配置	{"allow_active_reapply": false, "show_material_in_closure_review": true}	f	t	2026-01-18 17:21:05.290799+08	2026-01-18 17:21:05.290813+08	1	10
58	PROCESS_RULES	流程规则配置	{"allow_active_reapply": false, "show_material_in_closure_review": true}	f	t	2026-01-20 21:38:28.161174+08	2026-01-20 21:38:28.161174+08	1	9
61	LIMIT_RULES	限制与校验规则	{"max_members": 5, "dedupe_title": true, "max_advisors": 2, "max_student_active": 1, "max_student_member": 1, "max_teacher_active": 5}	f	t	2026-01-20 21:38:28.244382+08	2026-01-20 21:38:28.244382+08	1	9
60	REVIEW_RULES	审核规则配置	{"teacher_application_comment_min": 0}	f	t	2026-01-20 21:38:28.245368+08	2026-01-20 21:38:28.245368+08	1	9
62	VALIDATION_RULES	校验规则配置	{"title_max_length": 200, "title_min_length": 0}	f	t	2026-01-20 21:38:28.246385+08	2026-01-20 21:38:28.246385+08	1	9
57	MIDTERM_WINDOW	中期流程时间设置	{"end": "2026-01-31", "start": "2026-01-01", "enabled": true}	f	t	2026-01-20 21:38:28.159147+08	2026-01-24 19:35:08.68465+08	1	9
59	APPLICATION_WINDOW	立项流程时间设置	{"end": "2026-01-31", "start": "2026-01-01", "enabled": true}	f	t	2026-01-20 21:38:28.165279+08	2026-01-24 19:35:08.685784+08	1	9
56	CLOSURE_WINDOW	结题流程时间设置	{"end": "2026-01-31", "start": "2026-01-01", "enabled": true}	f	t	2026-01-20 21:38:28.143805+08	2026-01-24 19:35:08.687067+08	1	9
\.


--
-- Data for Name: users; Type: TABLE DATA; Schema: public; Owner: postgres
--

COPY public.users (id, password, last_login, is_superuser, username, first_name, last_name, is_staff, date_joined, employee_id, real_name, phone, email, major, grade, class_name, college, department, avatar, is_active, created_at, updated_at, title, expert_scope, role_fk_id, managed_scope_value_id, gender, is_expert, expert_assigned_by_id) FROM stdin;
30	pbkdf2_sha256$1200000$qMzUo2wZb3Btgjd5Tena9X$7FlrHEn0ac61QoUjZzFzCakMH5M7te9o5LPwwLpUsRM=	\N	f	239074320			f	2026-01-14 21:14:24.74192+08	239074320	姜茹茹	18297838360	123@qq.com	110	2023	软232	10700			t	2026-01-14 21:14:24.742168+08	2026-01-14 21:14:25.017319+08		COLLEGE	1	\N	女	f	\N
25	pbkdf2_sha256$1200000$mVDnisDrFymufM6IPZPDP6$k2VcC9SnNwM/4kUqmIP69ZfmvSFX6sKQzgSn5Hb0sgo=	\N	f	239074280			f	2026-01-14 21:14:23.335668+08	239074280	陈诗卉	18297838360	123@q.com	110	2023	软231	10700			t	2026-01-14 21:14:23.336122+08	2026-01-14 21:14:23.613196+08		COLLEGE	1	\N	女	f	\N
27	pbkdf2_sha256$1200000$IeXOsJMkQGuzNhmDOlWhjn$ST+kvDzmD8gFsqUTHv9mXQaJisLSMqWu/B7WeqMPCPU=	\N	f	239074295			f	2026-01-14 21:14:23.909548+08	239074295	刘丹丹			软件工程	2023	软231	10700			t	2026-01-14 21:14:23.909882+08	2026-01-14 21:14:24.181937+08		COLLEGE	1	\N	女	f	\N
28	pbkdf2_sha256$1200000$EIdCMMmjllY3XcgQOpLdA3$OVeypgk6oRPm/D0kPSCiboriM2EQhzuCRGjO142bQLU=	\N	f	239074299			f	2026-01-14 21:14:24.183869+08	239074299	祁瑞			软件工程	2023	软231	10700			t	2026-01-14 21:14:24.184405+08	2026-01-14 21:14:24.463655+08		COLLEGE	1	\N	女	f	\N
29	pbkdf2_sha256$1200000$N3b3sm4gOjbdGoZKTIeztj$LyqqaRD9T4+1SCIuDkOKIYhe78puz/UMG2AL93Qr04k=	\N	f	239074306			f	2026-01-14 21:14:24.46563+08	239074306	杨安瑜			软件工程	2023	软231	10700			t	2026-01-14 21:14:24.465838+08	2026-01-14 21:14:24.7399+08		COLLEGE	1	\N	女	f	\N
32	pbkdf2_sha256$1200000$1Ime6ROLcSvNNzoeWBa7MJ$hDjZfFqXnW25dL0QZlIoWgnvykdMy+5S/swcpI6z8mo=	\N	f	229044465			f	2026-01-14 21:14:25.294275+08	229044465	刘易水			软件工程	2023	软233	10700			t	2026-01-14 21:14:25.294601+08	2026-01-14 21:14:25.568478+08		COLLEGE	1	\N	男	f	\N
1	pbkdf2_sha256$1200000$34mk2wHfjYAmQmhNASjcbM$U/iJnXcx+Eo7fWrVTZYBKP6D8tI/CacIvdz+BT/f4dI=	\N	t	admin			t	2025-12-16 17:15:53.245779+08	admin			admin123@qq.com							t	2025-12-16 17:15:53.495549+08	2025-12-16 17:15:53.495554+08		COLLEGE	5	\N		f	\N
33	pbkdf2_sha256$1200000$aOzL5NFEasasIOnf3y3OP4$jqbWm9+Uc36Wt/yW5RgCITRy4SwnXERMf7DyFNTjeXM=	\N	f	229094234			f	2026-01-14 21:14:25.570189+08	229094234	刘修亮			软件工程	2023	软233	10700			t	2026-01-14 21:14:25.570397+08	2026-01-14 21:14:25.847333+08		COLLEGE	1	\N	男	f	\N
34	pbkdf2_sha256$1200000$MubPM95PAzFxVfoU1ZET3K$+zzDdY8vx54o2C7iTIKTiP5WIUA+qKFRBRSZy8/He6M=	\N	f	239044427			f	2026-01-14 21:14:25.849258+08	239044427	胡鹏			软件工程	2023	软233	10700			t	2026-01-14 21:14:25.849453+08	2026-01-14 21:14:26.12054+08		COLLEGE	1	\N	男	f	\N
35	pbkdf2_sha256$1200000$ca2IaEjgtB1En8MPRT9Iz9$vxRgHjg3PFV0YM3xkuiMWnBYASI9efs0zkYXLcdr4iQ=	\N	f	239074350			f	2026-01-14 21:14:26.122062+08	239074350	崔帅龙			软件工程	2023	软233	10700			t	2026-01-14 21:14:26.122249+08	2026-01-14 21:14:26.393993+08		COLLEGE	1	\N	男	f	\N
36	pbkdf2_sha256$1200000$ypZsIFULCC98VOkrKCwiq6$IYDsbe/nkF2j0fnmEMPnldkau+o7yM9zDUBoARXVOGA=	\N	f	239074351			f	2026-01-14 21:14:26.396106+08	239074351	高宇亮			软件工程	2023	软233	10700			t	2026-01-14 21:14:26.396499+08	2026-01-14 21:14:26.679906+08		COLLEGE	1	\N	男	f	\N
37	pbkdf2_sha256$1200000$GLA4j3eFFLYM4iFE8dOHqc$my/NktSv6mhnEzlQlV9D1XE+moW9fiWwXe7VQv3epGA=	\N	f	239074352			f	2026-01-14 21:14:26.68179+08	239074352	耿宝国			软件工程	2023	软233	10700			t	2026-01-14 21:14:26.681994+08	2026-01-14 21:14:26.957592+08		COLLEGE	1	\N	男	f	\N
26	pbkdf2_sha256$1200000$qjnpGhGROpXuHHntOJ1h5L$gI/ucMi10FjO7DE6M6jh92Cmc40B1X28HSbjjBkxnug=	\N	f	239074281			f	2026-01-14 21:14:23.625903+08	239074281	程祥露			软件工程	2023	软231	10700			t	2026-01-14 21:14:23.626215+08	2026-01-14 21:14:23.907697+08		COLLEGE	1	\N	女	f	\N
38	pbkdf2_sha256$1200000$PjClxewwUGVBsjukVrHVJk$GYYfBZJ5un2ttS2AHv9G8GUTOa74HT6IV71CyHKstVU=	\N	f	239074353			f	2026-01-14 21:14:26.959339+08	239074353	郭家豪			软件工程	2023	软233	10700			t	2026-01-14 21:14:26.959585+08	2026-01-14 21:14:27.231818+08		COLLEGE	1	\N	男	f	\N
39	pbkdf2_sha256$1200000$PSK6EStUNL6VcHPuz0EBHp$312x/OoZqtIdIRV0o5DXR2A0+gj4FiBtHvhkHMLLENs=	\N	f	239074354			f	2026-01-14 21:14:27.233736+08	239074354	郭康			软件工程	2023	软233	10700			t	2026-01-14 21:14:27.233968+08	2026-01-14 21:14:27.502262+08		COLLEGE	1	\N	男	f	\N
40	pbkdf2_sha256$1200000$MBnyiuedfjCA85P6T5nhyr$PH+maZdC1LH/oFBYuIQrwvEQ4grGWJFmwiNuhE2u7S4=	\N	f	239074355			f	2026-01-14 21:14:27.504396+08	239074355	郭孝懿			软件工程	2023	软233	10700			t	2026-01-14 21:14:27.504605+08	2026-01-14 21:14:27.776277+08		COLLEGE	1	\N	男	f	\N
41	pbkdf2_sha256$1200000$nyEv76H1YZ32aLXWSUk3gR$jSdnfwPyWOjGN/a1t8AiJ1K8iyJYR1qZnMpehnS4DXw=	\N	f	239074356			f	2026-01-14 21:14:27.777853+08	239074356	黄志远			软件工程	2023	软233	10700			t	2026-01-14 21:14:27.778103+08	2026-01-14 21:14:28.047135+08		COLLEGE	1	\N	男	f	\N
42	pbkdf2_sha256$1200000$9eEtxrx9U6K4Adx2hfvnnN$nzg1HLH4lBvLSchMHGd4eWoSw3sQoeB20QhMPvH9ruM=	\N	f	239074358			f	2026-01-14 21:14:28.049937+08	239074358	江兆坤			软件工程	2023	软233	10700			t	2026-01-14 21:14:28.050279+08	2026-01-14 21:14:28.323638+08		COLLEGE	1	\N	男	f	\N
43	pbkdf2_sha256$1200000$Giblz5SgUdKc8Fxd9lasgY$bkx+hrciBUUf+TUuYh47hFgyyfNMDJezReGfakDC4Qc=	\N	f	239074359			f	2026-01-14 21:14:28.326213+08	239074359	解夏一			软件工程	2023	软233	10700			t	2026-01-14 21:14:28.32648+08	2026-01-14 21:14:28.599645+08		COLLEGE	1	\N	男	f	\N
44	pbkdf2_sha256$1200000$0VYGP3NKiU1plbrYttKxj5$7i1nY2alWEAV7fwUAxzU3A0FrGuO6YZ9v8EwOHGW7bE=	\N	f	239074360			f	2026-01-14 21:14:28.601512+08	239074360	赖晓风			软件工程	2023	软233	10700			t	2026-01-14 21:14:28.601801+08	2026-01-14 21:14:28.874179+08		COLLEGE	1	\N	男	f	\N
45	pbkdf2_sha256$1200000$UpP49F21R67J0PiNkHJyQ4$iTtvp+cwuxyu2eKANn+5JaxNuvAT3VoICI9qr/nnN+I=	\N	f	239074361			f	2026-01-14 21:14:28.875851+08	239074361	李冰冰			软件工程	2023	软233	10700			t	2026-01-14 21:14:28.876137+08	2026-01-14 21:14:29.146558+08		COLLEGE	1	\N	女	f	\N
46	pbkdf2_sha256$1200000$S3XSoB7OBmznuwbgTivkUU$UCrKlaXZLjxnDFR5z2LFtzzRYf14BWCv1ZBdsZ58CA8=	\N	f	239074362			f	2026-01-14 21:14:29.148877+08	239074362	李冠庭			软件工程	2023	软233	10700			t	2026-01-14 21:14:29.149094+08	2026-01-14 21:14:29.425918+08		COLLEGE	1	\N	男	f	\N
47	pbkdf2_sha256$1200000$DUWfTzcf30KNjxVsT4kTy3$D7VJJ7LEogIb7U4Bkvz69QM3eMeyyaRiXQriHIB3ROg=	\N	f	239074363			f	2026-01-14 21:14:29.427769+08	239074363	李金杰			软件工程	2023	软233	10700			t	2026-01-14 21:14:29.427985+08	2026-01-14 21:14:29.701744+08		COLLEGE	1	\N	男	f	\N
48	pbkdf2_sha256$1200000$LFftURnAsn1Bl4RqVIN7Gu$KuUuHc+O+j3rOqtIrPnMHBhCxCa5In9AXfyaDlHYIDE=	\N	f	239074364			f	2026-01-14 21:14:29.703678+08	239074364	李晶晶			软件工程	2023	软233	10700			t	2026-01-14 21:14:29.703917+08	2026-01-14 21:14:29.99299+08		COLLEGE	1	\N	女	f	\N
49	pbkdf2_sha256$1200000$HD924RsGaxEHbRtYKXhOYs$v0jqUed1FJNqTksd3CQUkLcXchaTbxazT8V9s2aF+no=	\N	f	239074365			f	2026-01-14 21:14:29.994793+08	239074365	李熙钰			软件工程	2023	软233	10700			t	2026-01-14 21:14:29.995133+08	2026-01-14 21:14:30.270587+08		COLLEGE	1	\N	女	f	\N
50	pbkdf2_sha256$1200000$I911aTJjreUgXAwSIn81rL$2+XF/j0Tu5fCewosBwbvk2N9u9Vi78ASL+4U2QillPE=	\N	f	239074366			f	2026-01-14 21:14:30.272808+08	239074366	刘伟杰			软件工程	2023	软233	10700			t	2026-01-14 21:14:30.273079+08	2026-01-14 21:14:30.549233+08		COLLEGE	1	\N	男	f	\N
51	pbkdf2_sha256$1200000$MHfHrxS3Fx5YfeuhbzVYQg$1XTqmACfN2xhuWSyIg4uPbzG2OzUT6wOoozF5UqmgpM=	\N	f	239074367			f	2026-01-14 21:14:30.550975+08	239074367	马胜哲			软件工程	2023	软233	10700			t	2026-01-14 21:14:30.551175+08	2026-01-14 21:14:30.816711+08		COLLEGE	1	\N	男	f	\N
52	pbkdf2_sha256$1200000$SlORnyAFdgLYWzlt4OIyeC$kTVdbCzUG0/r82hkE8m1afWyTI170cpJkM35v499UL4=	\N	f	239074368			f	2026-01-14 21:14:30.818642+08	239074368	明宝智			软件工程	2023	软233	10700			t	2026-01-14 21:14:30.818889+08	2026-01-14 21:14:31.084698+08		COLLEGE	1	\N	男	f	\N
53	pbkdf2_sha256$1200000$B5oGhhk9vWFFYc2HvMrDlo$0FvLHu7VmVQtw0fTuOsQdRnW5abALQRiPnIfx5sXjL4=	\N	f	239074369			f	2026-01-14 21:14:31.08665+08	239074369	庞维妙			软件工程	2023	软233	10700			t	2026-01-14 21:14:31.086894+08	2026-01-14 21:14:31.35215+08		COLLEGE	1	\N	女	f	\N
54	pbkdf2_sha256$1200000$10tfGdQsTD3BN5kjnoihko$v1Dsvq5YtMRFl70msgT5VeGJPSu94Q0U5f0F8nm5pzg=	\N	f	239074370			f	2026-01-14 21:14:31.354237+08	239074370	邱奕			软件工程	2023	软233	10700			t	2026-01-14 21:14:31.354446+08	2026-01-14 21:14:31.631346+08		COLLEGE	1	\N	男	f	\N
55	pbkdf2_sha256$1200000$GohASWfFne1KOgSL5XQyjm$ADPTc/lqPcTItYsMGFuw1ay8AYT/cZ+PFLZHScksnMo=	\N	f	239074371			f	2026-01-14 21:14:31.633056+08	239074371	任鸣辉			软件工程	2023	软233	10700			t	2026-01-14 21:14:31.63329+08	2026-01-14 21:14:31.905148+08		COLLEGE	1	\N	男	f	\N
56	pbkdf2_sha256$1200000$aAL5PYTAHNZxk7efczwjUb$U+qp1NV2pN8il0Qic8Ni0RlKjLVBMyqHzqG6lHc0wAE=	\N	f	239074374			f	2026-01-14 21:14:31.90702+08	239074374	檀思颖			软件工程	2023	软233	10700			t	2026-01-14 21:14:31.907237+08	2026-01-14 21:14:32.176051+08		COLLEGE	1	\N	男	f	\N
57	pbkdf2_sha256$1200000$1jW9NykiISxXKzZUUcmFbP$xFo+WXP/6+qEKtc8+8nFZWpJTru785169NhZf0lIxW8=	\N	f	239074375			f	2026-01-14 21:14:32.178052+08	239074375	王强讯			软件工程	2023	软233	10700			t	2026-01-14 21:14:32.178246+08	2026-01-14 21:14:32.447818+08		COLLEGE	1	\N	男	f	\N
58	pbkdf2_sha256$1200000$zgYKnqRFcRPa5yToGe2lmS$tScYKaukMG0Xs43uYF/oxo3ACtzt7P235OKFdHpvxnw=	\N	f	239074376			f	2026-01-14 21:14:32.449723+08	239074376	王胜			软件工程	2023	软233	10700			t	2026-01-14 21:14:32.449952+08	2026-01-14 21:14:32.719776+08		COLLEGE	1	\N	男	f	\N
59	pbkdf2_sha256$1200000$vMzLui3pGGsbolpT1rhL3e$je3Z+VTLnBmxbJ2EZqY2KjUP4HeBPqxADeic2Ajyjgs=	\N	f	239074377			f	2026-01-14 21:14:32.721641+08	239074377	吴博			软件工程	2023	软233	10700			t	2026-01-14 21:14:32.721824+08	2026-01-14 21:14:32.990945+08		COLLEGE	1	\N	男	f	\N
60	pbkdf2_sha256$1200000$4lmpsVCvc62ajKGkfCotbR$9MmPFKniLs6pNkQ1xBip8b+z+fWSNRZLXomlWZlUDnU=	\N	f	239074379			f	2026-01-14 21:14:32.992701+08	239074379	夏伟豪			软件工程	2023	软233	10700			t	2026-01-14 21:14:32.992893+08	2026-01-14 21:14:33.266258+08		COLLEGE	1	\N	男	f	\N
61	pbkdf2_sha256$1200000$wib97CGe6Q6A5yOiOeh9YC$YK4uiPulcQUkY7wLKchmQNZrHoX/l7iIMc7qvzRpW7c=	\N	f	239074380			f	2026-01-14 21:14:33.267734+08	239074380	殷天祎			软件工程	2023	软233	10700			t	2026-01-14 21:14:33.267916+08	2026-01-14 21:14:33.54114+08		COLLEGE	1	\N	女	f	\N
62	pbkdf2_sha256$1200000$8i2FhZIkoxtux7TH3Exxqb$s5phb05/8c5SSRuwJmqgYqy2PPwVHiH8qaNTZFcmMcw=	\N	f	239074381			f	2026-01-14 21:14:33.543149+08	239074381	张春娇			软件工程	2023	软233	10700			t	2026-01-14 21:14:33.543346+08	2026-01-14 21:14:33.81535+08		COLLEGE	1	\N	女	f	\N
63	pbkdf2_sha256$1200000$kTyIMSzzb3uI3KQvZhKz8m$2tAZx0zOnPzaM5mMiqDELR+vPP6nR0b2CG8St06+c/E=	\N	f	239074382			f	2026-01-14 21:14:33.816577+08	239074382	张美婷			软件工程	2023	软233	10700			t	2026-01-14 21:14:33.816801+08	2026-01-14 21:14:34.086615+08		COLLEGE	1	\N	女	f	\N
64	pbkdf2_sha256$1200000$XsdjL36uZf0X7PquawnD4c$bmYJSZ02TXU18OOjlAi3W1AD3DBvBeDb+PMd1tqUNO4=	\N	f	239074383			f	2026-01-14 21:14:34.088036+08	239074383	张瑞哲			软件工程	2023	软233	10700			t	2026-01-14 21:14:34.088227+08	2026-01-14 21:14:34.356977+08		COLLEGE	1	\N	男	f	\N
65	pbkdf2_sha256$1200000$rLtJADepivTrIQdF3nijpS$lhJo3IulaIxafxQYZ0uTMlV6ncATa7J1BMRf2eQkphU=	\N	f	239074384			f	2026-01-14 21:14:34.358786+08	239074384	訾浩然			软件工程	2023	软233	10700			t	2026-01-14 21:14:34.359078+08	2026-01-14 21:14:34.632225+08		COLLEGE	1	\N	男	f	\N
66	pbkdf2_sha256$1200000$6m1IcKTX7mfILlmLZYhemw$xEn1NSzxRsb7WtrcIPawLsP056sCznVOdsKWgIBQZyY=	\N	f	219044546			f	2026-01-14 21:14:34.633629+08	219044546	随创			软件工程	2023	软234	10700			t	2026-01-14 21:14:34.633822+08	2026-01-14 21:14:34.908937+08		COLLEGE	1	\N	男	f	\N
67	pbkdf2_sha256$1200000$y3wjO1cnZfJAQZWwkvZLwi$JIqEnjXsQwQNaeEqcg72UBBR4zfUIIfjJ1mzMg2SNac=	\N	f	239014171			f	2026-01-14 21:14:34.910773+08	239014171	陈保姜			软件工程	2023	软234	10700			t	2026-01-14 21:14:34.910985+08	2026-01-14 21:14:35.188898+08		COLLEGE	1	\N	男	f	\N
68	pbkdf2_sha256$1200000$bIdyLden0aJaKZK71rV2v0$fPqfL+ZPcZXzw3Glzs+M13YN1MfHzT8eI/scV3s52nM=	\N	f	239074385			f	2026-01-14 21:14:35.190867+08	239074385	蔡浩			软件工程	2023	软234	10700			t	2026-01-14 21:14:35.191109+08	2026-01-14 21:14:35.458817+08		COLLEGE	1	\N	男	f	\N
69	pbkdf2_sha256$1200000$w5ReSR6y87D213LiJz0s7P$hrQ1THL2boiDJbhI3xQzcTYvVgkq7VuodCBzSlWMJN0=	\N	f	239074386			f	2026-01-14 21:14:35.460232+08	239074386	常昊			软件工程	2023	软234	10700			t	2026-01-14 21:14:35.460427+08	2026-01-14 21:14:35.731862+08		COLLEGE	1	\N	男	f	\N
70	pbkdf2_sha256$1200000$D2xHzsSGxTGGWIO4ihsXqs$4Mxk5biexNXbNjl1rgfAjcDy+8rKxoXj3MKO3ZJcFL0=	\N	f	239074387			f	2026-01-14 21:14:35.733415+08	239074387	陈同熙			软件工程	2023	软234	10700			t	2026-01-14 21:14:35.733629+08	2026-01-14 21:14:36.006663+08		COLLEGE	1	\N	男	f	\N
71	pbkdf2_sha256$1200000$bM3imfI7Zj2lLFHMa418Rq$xcFjLAsMty438E3F57dtdG8ycZYt2tprJglAFjJhPTc=	\N	f	239074389			f	2026-01-14 21:14:36.008415+08	239074389	何弦			软件工程	2023	软234	10700			t	2026-01-14 21:14:36.008621+08	2026-01-14 21:14:36.281373+08		COLLEGE	1	\N	男	f	\N
72	pbkdf2_sha256$1200000$3za1iMVdCDJI0KzdPF3wsl$qhtAIPYkbATb95sVbpjnoc+02xrhjq6sz93G7jljtwc=	\N	f	239074391			f	2026-01-14 21:14:36.283018+08	239074391	江龙高			软件工程	2023	软234	10700			t	2026-01-14 21:14:36.283209+08	2026-01-14 21:14:36.565165+08		COLLEGE	1	\N	男	f	\N
73	pbkdf2_sha256$1200000$0350lTa1YRxeoZEd3RG9Kc$WLMLIDf3c5umBqvGsq55/jXDZ3HxfTANR6rqeyQm0P8=	\N	f	239074392			f	2026-01-14 21:14:36.567186+08	239074392	康福			软件工程	2023	软234	10700			t	2026-01-14 21:14:36.567441+08	2026-01-14 21:14:36.838911+08		COLLEGE	1	\N	男	f	\N
74	pbkdf2_sha256$1200000$5QX0WrttjSWDYlJfYi7no7$EVAx4k4XPFwpyUDrEyPm/bg73qeVN+b5u07GWzU1uNQ=	\N	f	239074393			f	2026-01-14 21:14:36.840269+08	239074393	兰天成			软件工程	2023	软234	10700			t	2026-01-14 21:14:36.840464+08	2026-01-14 21:14:37.113774+08		COLLEGE	1	\N	男	f	\N
75	pbkdf2_sha256$1200000$cAMIEoowBSNEH12ZGr35cX$fP09/tztmav6MkSTsjnnW7fxCSvuHFCiW14xE+moZfQ=	\N	f	239074394			f	2026-01-14 21:14:37.115794+08	239074394	乐如			软件工程	2023	软234	10700			t	2026-01-14 21:14:37.116072+08	2026-01-14 21:14:37.396774+08		COLLEGE	1	\N	女	f	\N
76	pbkdf2_sha256$1200000$Ma2nOjCURCZZBsEA9qN8Ue$15loHi2ynUMzh440+7TdC3/QT3r453pr9VKChzCCK8c=	\N	f	239074395			f	2026-01-14 21:14:37.398085+08	239074395	李甫城			软件工程	2023	软234	10700			t	2026-01-14 21:14:37.398266+08	2026-01-14 21:14:37.666126+08		COLLEGE	1	\N	男	f	\N
77	pbkdf2_sha256$1200000$pqE3hhhaNEWOQxqWqHAnuA$Lv2mDFRwAyr9APinmIm+mmd+tlEVMhLhniXVIGBHeTQ=	\N	f	239074396			f	2026-01-14 21:14:37.667874+08	239074396	李利娟			软件工程	2023	软234	10700			t	2026-01-14 21:14:37.668101+08	2026-01-14 21:14:37.936486+08		COLLEGE	1	\N	女	f	\N
79	pbkdf2_sha256$1200000$0zPhI3nHhAXGmxSVPVqlAR$KZ15LEjtNU7oPJTdq6lh8UpJOyAsk3phJihMRATJ758=	\N	f	239074398			f	2026-01-14 21:14:38.213864+08	239074398	李志远			软件工程	2023	软234	10700			t	2026-01-14 21:14:38.214195+08	2026-01-14 21:14:38.48777+08		COLLEGE	1	\N	男	f	\N
80	pbkdf2_sha256$1200000$U79y5ROHVqgZuJNlVxsIdd$JPKCadODnsOleYBPvIpmGRl9X9elbQyo2dYyUkAy/EY=	\N	f	239074399			f	2026-01-14 21:14:38.489554+08	239074399	刘靖豪			软件工程	2023	软234	10700			t	2026-01-14 21:14:38.489727+08	2026-01-14 21:14:38.759521+08		COLLEGE	1	\N	男	f	\N
81	pbkdf2_sha256$1200000$zTuxGfwtjpy1Frggj8lxoU$TIAiU9+451O61CoJAL9UFQ2zwbtJJkYR7HXHgHDt8FY=	\N	f	239074401			f	2026-01-14 21:14:38.761853+08	239074401	刘玉叶			软件工程	2023	软234	10700			t	2026-01-14 21:14:38.762119+08	2026-01-14 21:14:39.029862+08		COLLEGE	1	\N	女	f	\N
82	pbkdf2_sha256$1200000$nF8kUrAXzZWf5pnbbEtl9U$nfqgKLu/nX6hgfW09z8dIfg+1upgEksOH6p0bBzL0sA=	\N	f	239074403			f	2026-01-14 21:14:39.031796+08	239074403	秦文宇			软件工程	2023	软234	10700			t	2026-01-14 21:14:39.032004+08	2026-01-14 21:14:39.300207+08		COLLEGE	1	\N	男	f	\N
83	pbkdf2_sha256$1200000$nMzmnJGFn0l28vWPq9OaC2$oD6ZEF8Exdw7lRUEreFoEH9JqWx6rU2MwtFpW1vb9A4=	\N	f	239074404			f	2026-01-14 21:14:39.302298+08	239074404	任婷菲			软件工程	2023	软234	10700			t	2026-01-14 21:14:39.302605+08	2026-01-14 21:14:39.575691+08		COLLEGE	1	\N	女	f	\N
84	pbkdf2_sha256$1200000$SM6dtbkU1nG1y0eBKEsvoW$X4Johm6pwhWaozmWcpB50cxQUH5r6MStIJo7EGL7oUk=	\N	f	239074405			f	2026-01-14 21:14:39.577845+08	239074405	孙合镇			软件工程	2023	软234	10700			t	2026-01-14 21:14:39.578082+08	2026-01-14 21:14:39.853101+08		COLLEGE	1	\N	男	f	\N
85	pbkdf2_sha256$1200000$fS5qqPXdaqMoFuzyFDIrL0$86buGOODqy7suC9uJelPLV7N430VF/TkKFENcL7Vmck=	\N	f	239074407			f	2026-01-14 21:14:39.855259+08	239074407	汪晨			软件工程	2023	软234	10700			t	2026-01-14 21:14:39.855512+08	2026-01-14 21:14:40.126819+08		COLLEGE	1	\N	男	f	\N
86	pbkdf2_sha256$1200000$eumMz4nXZZfcmQdXQrRYtJ$cTRhokYgYxPX3jTxB5dKe6YFdTXgxj+rIUZHT4DrLkQ=	\N	f	239074408			f	2026-01-14 21:14:40.128389+08	239074408	王少强			软件工程	2023	软234	10700			t	2026-01-14 21:14:40.128596+08	2026-01-14 21:14:40.398659+08		COLLEGE	1	\N	男	f	\N
87	pbkdf2_sha256$1200000$4ABdAhJMsogEvqC9gWp1ZL$vrTlC8H7IRDCTl82E9mIVqFELf+bdkOyNthWGGqwsvY=	\N	f	239074409			f	2026-01-14 21:14:40.400449+08	239074409	王乙安			软件工程	2023	软234	10700			t	2026-01-14 21:14:40.400681+08	2026-01-14 21:14:40.668877+08		COLLEGE	1	\N	男	f	\N
88	pbkdf2_sha256$1200000$ayqZmCufueG7E0IMV9b3M0$yMhvNxPZpdG1qFGtk48y7/ljykC0ji7tHpGb+IQjQ8I=	\N	f	239074410			f	2026-01-14 21:14:40.670939+08	239074410	韦旭			软件工程	2023	软234	10700			t	2026-01-14 21:14:40.671186+08	2026-01-14 21:14:40.941382+08		COLLEGE	1	\N	男	f	\N
89	pbkdf2_sha256$1200000$FDagBkfjswS6DlNGDEMQXo$gK2cNy3VNPF+SsPWfq7izs7fG3LB3gdad4Jallqbsqc=	\N	f	239074411			f	2026-01-14 21:14:40.943046+08	239074411	吴宏胜			软件工程	2023	软234	10700			t	2026-01-14 21:14:40.943264+08	2026-01-14 21:14:41.211192+08		COLLEGE	1	\N	男	f	\N
91	pbkdf2_sha256$1200000$ko2MJBpNpQFiIccZc8PIla$yw+GLS2EwiWeKTEZOcxhQSuWRvYxXv2c7raGxrs8bmc=	\N	f	239074413			f	2026-01-14 21:14:41.485755+08	239074413	吴运辰			软件工程	2023	软234	10700			t	2026-01-14 21:14:41.485999+08	2026-01-14 21:14:41.754644+08		COLLEGE	1	\N	男	f	\N
92	pbkdf2_sha256$1200000$pOYZGY9yTaj5T7laQYexPY$G1JgZpPD+8nSu+fxRZA/hoyLc18eQGO9Gv5Fv+R56Gg=	\N	f	239074414			f	2026-01-14 21:14:41.75627+08	239074414	许欣怡			软件工程	2023	软234	10700			t	2026-01-14 21:14:41.756499+08	2026-01-14 21:14:42.023989+08		COLLEGE	1	\N	女	f	\N
93	pbkdf2_sha256$1200000$tuJTe7BNoU6572ADfF43pY$m6yo5goQr/RuBOtKLxcjxcgEYKIDQt2/hPvB/LnKqrg=	\N	f	239074415			f	2026-01-14 21:14:42.025736+08	239074415	杨磊			软件工程	2023	软234	10700			t	2026-01-14 21:14:42.025972+08	2026-01-14 21:14:42.299461+08		COLLEGE	1	\N	男	f	\N
94	pbkdf2_sha256$1200000$ZGBtTqiC4R0D4Imlk4H9Th$v9tWfy0h9hw1TfMrL25QAzfldjhHDJrW3cyCEP/dNQ4=	\N	f	239074416			f	2026-01-14 21:14:42.30119+08	239074416	杨瑞			软件工程	2023	软234	10700			t	2026-01-14 21:14:42.30143+08	2026-01-14 21:14:42.624927+08		COLLEGE	1	\N	男	f	\N
95	pbkdf2_sha256$1200000$eXY53WvJ2SKn0kKppxu5hB$HrX0pqYTChkf0n3qi5fVZtsUngLEgMxCGuT0bprQJAY=	\N	f	239074417			f	2026-01-14 21:14:42.626172+08	239074417	张恩涛			软件工程	2023	软234	10700			t	2026-01-14 21:14:42.626357+08	2026-01-14 21:14:42.905457+08		COLLEGE	1	\N	男	f	\N
96	pbkdf2_sha256$1200000$0dZkyo5rCmHeS7q7XE8f9t$FibS7VjdRPHhLyHW1d9KTVubmjjXFhzdLOcSrUjDtw8=	\N	f	239074418			f	2026-01-14 21:14:42.907539+08	239074418	赵浩宇			软件工程	2023	软234	10700			t	2026-01-14 21:14:42.90781+08	2026-01-14 21:14:43.180938+08		COLLEGE	1	\N	男	f	\N
97	pbkdf2_sha256$1200000$lm4JhNbaFWuD98vS0U4Ye8$OInd/6v8qktEg8lIQUcCdNgt52FzFZB7+bvpftXrQZY=	\N	f	239074419			f	2026-01-14 21:14:43.1827+08	239074419	赵英博			软件工程	2023	软234	10700			t	2026-01-14 21:14:43.182877+08	2026-01-14 21:14:43.45476+08		COLLEGE	1	\N	男	f	\N
99	pbkdf2_sha256$1200000$iiiIEPLbAYWkLRyIRvf2ye$BcHxId/LAeqE+cyuS1C7jx2kFzroVNGchiWsbNkEAas=	\N	f	050309			f	2026-01-14 21:19:41.293596+08	050309	陶陶						10700	10700		t	2026-01-14 21:19:41.293921+08	2026-01-14 21:19:41.57281+08	教工	COLLEGE	2	\N		f	\N
100	pbkdf2_sha256$1200000$ena2vKPl4f3bFQBJVY6hpb$PS1BbJETpzHPN1XwPaT4BWsuaPASrajOlNrTO+9NnT0=	\N	f	050310			f	2026-01-14 21:19:41.580184+08	050310	黄瑾娉						10700	10700		t	2026-01-14 21:19:41.580407+08	2026-01-14 21:19:41.855397+08	教工	COLLEGE	2	\N		f	\N
101	pbkdf2_sha256$1200000$GbJRcb3gKhzDgBzFu7X8HO$YqgcxZo2CY7Q0XH7n8rVM2Zh5kzysqCzOZdwAjVJ6po=	\N	f	050311			f	2026-01-14 21:19:41.857216+08	050311	陆勤						10700	10700		t	2026-01-14 21:19:41.857449+08	2026-01-14 21:19:42.128662+08	教工	COLLEGE	2	\N		f	\N
102	pbkdf2_sha256$1200000$1sonBtQU5BrK7USm1jBO0e$mKr49wD0DtS7mOhBJpIIRaFCJ8iVCCJFHKWDkSK2dQ8=	\N	f	050312			f	2026-01-14 21:19:42.130496+08	050312	骆力						10700	10700		t	2026-01-14 21:19:42.130742+08	2026-01-14 21:19:42.403354+08	教工	COLLEGE	2	\N		f	\N
103	pbkdf2_sha256$1200000$xjqnhZlmIhWyqo6TgKlB91$oBEXWRRgkgzeV2HI4YmN7pWjedacVJEA4u2X7cKAS4w=	\N	f	050313			f	2026-01-14 21:19:42.405423+08	050313	吴光龙						10700	10700		t	2026-01-14 21:19:42.405652+08	2026-01-14 21:19:42.674578+08	教工	COLLEGE	2	\N		f	\N
104	pbkdf2_sha256$1200000$UWPVgn2IkuuMlF6NbdJj8p$YAC2hv8kuzMCGCMVOxU9WRaAoLLpWWCg8AYX6nM2qGE=	\N	f	050315			f	2026-01-14 21:19:42.676687+08	050315	顾斌						10700	10700		t	2026-01-14 21:19:42.677019+08	2026-01-14 21:19:42.949522+08	教工	COLLEGE	2	\N		f	\N
105	pbkdf2_sha256$1200000$u4nuoUIgkcHe81zNvHzHJQ$C4yymIoK5wXWBajD+pVGBFbSN/7exdjdEGcIOTMM97s=	\N	f	050316			f	2026-01-14 21:19:42.951359+08	050316	陈小平						10700	10700		t	2026-01-14 21:19:42.951583+08	2026-01-14 21:19:43.226228+08	教工	COLLEGE	2	\N		f	\N
106	pbkdf2_sha256$1200000$u1Xs3Ut55wFJti9zNtbNF5$fpWuNG6HuAWFOT9PhkHI1yZHIpOn5x1YLKvVnbpoamY=	\N	f	050324			f	2026-01-14 21:19:43.22792+08	050324	许精明						10700	10700		t	2026-01-14 21:19:43.228144+08	2026-01-14 21:19:43.50406+08	教工	COLLEGE	2	\N		f	\N
107	pbkdf2_sha256$1200000$AI2Cc3DNdOyViJPoeOfrY5$Ou19ci79DvqbZ6HHwsTiUOhZ+Bjk9QjFzocsNPuNNhA=	\N	f	050326			f	2026-01-14 21:19:43.506111+08	050326	徐国雄						10700	10700		t	2026-01-14 21:19:43.506319+08	2026-01-14 21:19:43.778264+08	教工	COLLEGE	2	\N		f	\N
109	pbkdf2_sha256$1200000$qaZSmvKnvqHhIUlxnrYw5V$U2gklG2p9kuSOR1yxQ0KsPBCWX0M8P5Xbgpgou2yoyo=	\N	f	050328			f	2026-01-14 21:19:44.065614+08	050328	李金厚						10700	10700		t	2026-01-14 21:19:44.065991+08	2026-01-14 21:19:44.344376+08	教工	COLLEGE	2	\N		f	\N
110	pbkdf2_sha256$1200000$Zh3BiGkUUDl4Bx4CYTo91D$tZ8sLWl+W/0uPw9WOxzOrHz0ZapStr0EOmpD106kqsU=	\N	f	050330			f	2026-01-14 21:19:44.346223+08	050330	程泽凯						10700	10700		t	2026-01-14 21:19:44.346494+08	2026-01-14 21:19:44.612818+08	教工	COLLEGE	2	\N		f	\N
111	pbkdf2_sha256$1200000$haX75PRUp5U2B5bQIXQlHp$/IQLZ70ch/AD0FABommHkLOmGKouK1EybDq00sYzvXQ=	\N	f	050331			f	2026-01-14 21:19:44.61422+08	050331	汤亚玲						10700	10700		t	2026-01-14 21:19:44.614396+08	2026-01-14 21:19:44.880478+08	教工	COLLEGE	2	\N		f	\N
112	pbkdf2_sha256$1200000$TuUMEamp9WjCEyYTCvOoT8$xZYtak86TYgW9Yx9ndVisckSAL/bLIo91egSg16ktHs=	\N	f	050333			f	2026-01-14 21:19:44.882489+08	050333	王森玉						10700	10700		t	2026-01-14 21:19:44.882726+08	2026-01-14 21:19:45.148959+08	教工	COLLEGE	2	\N		f	\N
113	pbkdf2_sha256$1200000$2Q3V8l5O15GbqqHbS5W6Fo$DP7L6gEq52kTn6J+Tw13g3W3vhYH+8UgITkNCM+Ev8E=	\N	f	050334			f	2026-01-14 21:19:45.15065+08	050334	戴小平						10700	10700		t	2026-01-14 21:19:45.150842+08	2026-01-14 21:19:45.416275+08	教工	COLLEGE	2	\N		f	\N
114	pbkdf2_sha256$1200000$UOh1iueYvHNxA9IpMChidB$JCkN0c29mIvvBiaXuG8oiOBRLAulURI2pKi2Pj/jSbc=	\N	f	050335			f	2026-01-14 21:19:45.417721+08	050335	肖维民						10700	10700		t	2026-01-14 21:19:45.417896+08	2026-01-14 21:19:45.684206+08	教工	COLLEGE	2	\N		f	\N
115	pbkdf2_sha256$1200000$wnOZCKtrZ8x2Rz0sqQV7hX$UNv7CPGm0qm/jnM3kd4HkkM48OBzrSwBvxAwQphgukU=	\N	f	050343			f	2026-01-14 21:19:45.685388+08	050343	陈莉						10700	10700		t	2026-01-14 21:19:45.685568+08	2026-01-14 21:19:45.951215+08	教工	COLLEGE	2	\N		f	\N
116	pbkdf2_sha256$1200000$0ulVhOuWaNrUIrpH51b1AT$8HlfRhlgokKZcKNN+yfmn5kq2P5DFl5nBE3HrLcHOPM=	\N	f	050392			f	2026-01-14 21:19:45.95238+08	050392	郑啸						10700	10700		t	2026-01-14 21:19:45.952559+08	2026-01-14 21:19:46.222402+08	教工	COLLEGE	2	\N		f	\N
117	pbkdf2_sha256$1200000$3VB2Mz33hGdL4PreW7OSk4$rRYcHsu5f+aH4lfCgbCL873qkw5RUdhvaXpfguC302s=	\N	f	050305			f	2026-01-14 21:19:46.224234+08	050305	吴曼						10700	10700		t	2026-01-14 21:19:46.224534+08	2026-01-14 21:19:46.49916+08	教工	COLLEGE	2	\N		f	\N
108	pbkdf2_sha256$1200000$6GygNsFRfbBisIeR9pDG4h$cffnITKBdi9nC2EXbB/na4wH8EhMA0NmD+tsXeq4Q4c=	\N	f	050327			f	2026-01-14 21:19:43.780138+08	050327	许文方						10700	10700		t	2026-01-14 21:19:43.780386+08	2026-01-14 21:19:44.06299+08	教工	COLLEGE	2	\N		f	\N
90	pbkdf2_sha256$1200000$kBrESJkAkwhCwh5OwmZ14L$P/+BTNjm/j/rd2hLnyvL69Auwflj3FGKzoEQLOVUE+A=	\N	f	239074412			f	2026-01-14 21:14:41.213073+08	239074412	吴逍睿	12312311234	123@qq.com	160	2023	软234	10700			t	2026-01-14 21:14:41.21328+08	2026-01-14 21:14:41.483699+08		COLLEGE	1	\N	女	f	\N
118	pbkdf2_sha256$1200000$DJrVc1bPYqL8CqbBIAGSen$5lSkSwcbPyDnFvkBZX1yZ6RT1OXYN5MZAiOe8Emoi0s=	\N	f	050236			f	2026-01-14 21:19:46.500782+08	050236	汤志贵						10700	10700		t	2026-01-14 21:19:46.500961+08	2026-01-14 21:19:46.772037+08	教工	COLLEGE	2	\N		f	\N
119	pbkdf2_sha256$1200000$F1XqSvMFbKx1H1nFbMEMv0$NOqi6SdOCgPsVccrwARPZ9qrsL2P05ZwASEXXN+22b0=	\N	f	050298			f	2026-01-14 21:19:46.773806+08	050298	段晓军						10700	10700		t	2026-01-14 21:19:46.774125+08	2026-01-14 21:19:47.052942+08	教工	COLLEGE	2	\N		f	\N
120	pbkdf2_sha256$1200000$pXuGhBCKjJTcfCHAftNk4R$74K0iTCa1uf+kC9dNRO2/HdZd9Jex9cufgToSQP+O8g=	\N	f	050319			f	2026-01-14 21:19:47.054142+08	050319	叶红						10700	10700		t	2026-01-14 21:19:47.054319+08	2026-01-14 21:19:47.327661+08	教工	COLLEGE	2	\N		f	\N
121	pbkdf2_sha256$1200000$FPNG5b7L54uQfXsu2NiFBv$W20mNuyzVR7V555MfddqV9Xq0xZvHIpIMiUbAwpQ8HQ=	\N	f	050321			f	2026-01-14 21:19:47.329316+08	050321	周兵						10700	10700		t	2026-01-14 21:19:47.32949+08	2026-01-14 21:19:47.603084+08	教工	COLLEGE	2	\N		f	\N
122	pbkdf2_sha256$1200000$eUEC34xTRAkBiAKGWPLQ61$lJoQQJXQzPuGdFjcbQWv5bmuFg2iAZSEYvMt6adk6zU=	\N	f	050322			f	2026-01-14 21:19:47.604672+08	050322	刘宏申						10700	10700		t	2026-01-14 21:19:47.604853+08	2026-01-14 21:19:47.874598+08	教工	COLLEGE	2	\N		f	\N
123	pbkdf2_sha256$1200000$QO3flDe3JgCk7RXDQZlSB5$yMCvCuv08/R9kTeTRA6VPOSLRT3/sOUTXC5ZW+8gNDs=	\N	f	050734			f	2026-01-14 21:19:47.875981+08	050734	方木云						10700	10700		t	2026-01-14 21:19:47.876158+08	2026-01-14 21:19:48.148165+08	教工	COLLEGE	2	\N		f	\N
124	pbkdf2_sha256$1200000$q0wWWH2nm67hQLE0Ak31QV$wYfwNsE8PcoKjp9E6AEg5ZpKE8hNQObzY0zdUsLuMUo=	\N	f	051073			f	2026-01-14 21:19:48.149459+08	051073	王危						10700	10700		t	2026-01-14 21:19:48.149631+08	2026-01-14 21:19:48.422773+08	教工	COLLEGE	2	\N		f	\N
125	pbkdf2_sha256$1200000$SmnYFa11bYg33Z0BsYYAKH$tw4HyDCfOeEuhW/Zg/+FK5q1tr66q7dLh1BNRNs+9gw=	\N	f	051074			f	2026-01-14 21:19:48.424264+08	051074	刘凤声						10700	10700		t	2026-01-14 21:19:48.424583+08	2026-01-14 21:19:48.701593+08	教工	COLLEGE	2	\N		f	\N
126	pbkdf2_sha256$1200000$027sP02wc9GtljRkPQ5R3A$hv1SO4KeI4JehqiLZGbW2fchfiQUqB8m+o6WYKWdPZI=	\N	f	051156			f	2026-01-14 21:19:48.703067+08	051156	汪小燕						10700	10700		t	2026-01-14 21:19:48.703255+08	2026-01-14 21:19:48.970001+08	教工	COLLEGE	2	\N		f	\N
127	pbkdf2_sha256$1200000$zLc5JStn0tZ57c0XlRziBI$Ibv0V/1uijLmp/mX9QOr/pLgvwF6Kr6rLxM9tixQaIM=	\N	f	051157			f	2026-01-14 21:19:48.971457+08	051157	苏小虎						10700	10700		t	2026-01-14 21:19:48.971635+08	2026-01-14 21:19:49.238483+08	教工	COLLEGE	2	\N		f	\N
128	pbkdf2_sha256$1200000$0rc1x3jrhwahXnASL4WrIb$R4wDr7gCqcC/9lYsnVQyOi0252fXI33ObRjwGRnbLmU=	\N	f	051160			f	2026-01-14 21:19:49.239979+08	051160	杨思春						10700	10700		t	2026-01-14 21:19:49.240161+08	2026-01-14 21:19:49.506021+08	教工	COLLEGE	2	\N		f	\N
129	pbkdf2_sha256$1200000$5MGiFKNqB5T94PF0pNj6G0$r/XgeDbQ932kiLNANT+PykWjqA0jRS49ZNio8/cbcrs=	\N	f	051161			f	2026-01-14 21:19:49.507402+08	051161	黄洪超						10700	10700		t	2026-01-14 21:19:49.507587+08	2026-01-14 21:19:49.772883+08	教工	COLLEGE	2	\N		f	\N
130	pbkdf2_sha256$1200000$DwYYYI5qHJ8S6idZO0ojRK$z1s1sztLxuBSxhtHiDLpVqankveF5JCTr/XCfUXMrAw=	\N	f	051163			f	2026-01-14 21:19:49.77438+08	051163	许华利						10700	10700		t	2026-01-14 21:19:49.774565+08	2026-01-14 21:19:50.039355+08	教工	COLLEGE	2	\N		f	\N
131	pbkdf2_sha256$1200000$RNb39Rziafb59cqp1IHbTu$d3xs+EASFDs6NOeMfeL+tK2WJxK5MYn758hQPe2PL0I=	\N	f	051165			f	2026-01-14 21:19:50.040898+08	051165	陈学进						10700	10700		t	2026-01-14 21:19:50.041064+08	2026-01-14 21:19:50.306734+08	教工	COLLEGE	2	\N		f	\N
132	pbkdf2_sha256$1200000$ZWcsSUArtnukFmdJcQXQZr$9Ufw9jrq25Z/IIJD7FvvBHKsLZVFlmFkb3D0snLZR64=	\N	f	051167			f	2026-01-14 21:19:50.307883+08	051167	夏敏						10700	10700		t	2026-01-14 21:19:50.308048+08	2026-01-14 21:19:50.573306+08	教工	COLLEGE	2	\N		f	\N
134	pbkdf2_sha256$1200000$mKL5arLIJQxlUWompZwbwq$dllj5rsUAgcMZsuKlkbF0/lKGl96PGFJpg2VrTvxqw8=	\N	f	051313			f	2026-01-14 21:19:50.853426+08	051313	边琼芳						10700	10700		t	2026-01-14 21:19:50.8536+08	2026-01-14 21:19:51.127931+08	教工	COLLEGE	2	\N		f	\N
135	pbkdf2_sha256$1200000$Gbe2bXh3uiyR1vzjD1WLrA$h8WzAd2oHyDVcjgc9syP+Tb0pssoYbs04VBSPxHz5fo=	\N	f	052226			f	2026-01-14 21:19:51.129655+08	052226	李晓岚						10700	10700		t	2026-01-14 21:19:51.129844+08	2026-01-14 21:19:51.444547+08	教工	COLLEGE	2	\N		f	\N
136	pbkdf2_sha256$1200000$ZMSU5qm7JMNSZR5Q0oTHjB$5L2zQqzKcz80DYpLy2F0JC7JIpHDLbpA0ry0po5hwQo=	\N	f	052239			f	2026-01-14 21:19:51.446158+08	052239	纪平						10700	10700		t	2026-01-14 21:19:51.446358+08	2026-01-14 21:19:51.717905+08	教工	COLLEGE	2	\N		f	\N
137	pbkdf2_sha256$1200000$aYunHguDYhKcQFFduipsA9$nRdpPn6mevhIGFMCXuT1IHSwbYFiyqeM9s952rEhG8I=	\N	f	052310			f	2026-01-14 21:19:51.719922+08	052310	周建钦						10700	10700		t	2026-01-14 21:19:51.720162+08	2026-01-14 21:19:51.992055+08	教工	COLLEGE	2	\N		f	\N
133	pbkdf2_sha256$1200000$rOdEPHhgSnQcajY4igYA04$V7iZKnUoOB8+b+UnKMSUbenRGFXoWBQ9bDaJGsJz23E=	\N	f	051285			f	2026-01-14 21:19:50.574798+08	051285	刘辉						10700	10700		t	2026-01-14 21:19:50.574967+08	2026-01-14 22:15:00.199747+08	教工	COLLEGE	4	109		f	\N
138	pbkdf2_sha256$1200000$SFgCS3NcI6Nue6WV5lcgiT$7KXuv8j2WDzb6VsclDSl39HIAgUeW6x6RZISlZqSXYM=	\N	f	052328			f	2026-01-14 21:19:51.993424+08	052328	阮越						10700	10700		t	2026-01-14 21:19:51.993595+08	2026-01-14 21:19:52.265374+08	教工	COLLEGE	2	\N		f	\N
139	pbkdf2_sha256$1200000$7VP7fiOzmjurLPrAr9q2pK$D3uvul4sOKqCaGawksOXg9QLX/Bo78+QBwKqGUZsruU=	\N	f	052429			f	2026-01-14 21:19:52.267464+08	052429	胡增涛						10700	10700		t	2026-01-14 21:19:52.267656+08	2026-01-14 21:19:52.539963+08	教工	COLLEGE	2	\N		f	\N
140	pbkdf2_sha256$1200000$xxcwPlnq245yfNzKqtwuhX$IObQ16eOWbTWnZcc8BCQCAaNxYA5LlRH7P/FCQV3mUQ=	\N	f	052458			f	2026-01-14 21:19:52.541109+08	052458	纪滨						10700	10700		t	2026-01-14 21:19:52.54127+08	2026-01-14 21:19:52.812638+08	教工	COLLEGE	2	\N		f	\N
141	pbkdf2_sha256$1200000$Uix9zVaMY9BXj2eNn8Ayzm$iGh9+mwS2izWM/bU8G5O7jPF1Dr/Al7yntWy2C0+psI=	\N	f	052486			f	2026-01-14 21:19:52.813884+08	052486	赵帼英						10700	10700		t	2026-01-14 21:19:52.814051+08	2026-01-14 21:19:53.083824+08	教工	COLLEGE	2	\N		f	\N
142	pbkdf2_sha256$1200000$5RUHjbNAWqYLoKDvv7KvcV$m8F2wj+V2BCTdsh3B2VYouLMHVUVa4GUrZeVf/VNx5A=	\N	f	052488			f	2026-01-14 21:19:53.085293+08	052488	李伟						10700	10700		t	2026-01-14 21:19:53.085461+08	2026-01-14 21:19:53.353871+08	教工	COLLEGE	2	\N		f	\N
143	pbkdf2_sha256$1200000$vsZA6W8miMGwUF57vIAANb$Qe5lLbGrO0PPyR/yrH7orAX06050FiNWigY09MjziOs=	\N	f	052502			f	2026-01-14 21:19:53.355509+08	052502	陈业斌						10700	10700		t	2026-01-14 21:19:53.355795+08	2026-01-14 21:19:53.62507+08	教工	COLLEGE	2	\N		f	\N
144	pbkdf2_sha256$1200000$3ux5qYPKk4ztlyhtlxd5Z4$jGww0yRrn5EWyW4+SMGbFl2mzYVpeMkJ1CEyqAF6VuY=	\N	f	052678			f	2026-01-14 21:19:53.626339+08	052678	储岳中						10700	10700		t	2026-01-14 21:19:53.626509+08	2026-01-14 21:19:53.89684+08	教工	COLLEGE	2	\N		f	\N
145	pbkdf2_sha256$1200000$WvTRXxY2lhiMSbtq52iR6F$+8vBgthtNWIGS9NH7uQ63aeeqkNOVsap899SLrpYzqk=	\N	f	052718			f	2026-01-14 21:19:53.89866+08	052718	邰伟鹏						10700	10700		t	2026-01-14 21:19:53.898943+08	2026-01-18 17:43:53.932198+08	教工	COLLEGE	2	\N		f	\N
146	pbkdf2_sha256$1200000$BwDo60lp39wQUIY5Y1cIXg$6mshYvTw+02N0LqldwBaGtE6CZAP3s0jJRGBBq5aZgI=	\N	f	052746			f	2026-01-14 21:19:54.173511+08	052746	柯栋梁						10700	10700		t	2026-01-14 21:19:54.173696+08	2026-01-14 21:19:54.458531+08	教工	COLLEGE	2	\N		f	\N
147	pbkdf2_sha256$1200000$oPKLjNYoX7djZqV6bwEqNA$7zW0g21PYY1qexBlZWQbVhn61vOG4SGn8H0RLHG8jrw=	\N	f	052750			f	2026-01-14 21:19:54.460953+08	052750	周义莲						10700	10700		t	2026-01-14 21:19:54.461332+08	2026-01-14 21:19:54.748382+08	教工	COLLEGE	2	\N		f	\N
148	pbkdf2_sha256$1200000$jcIGQbbTP1TgdbeAaLk9Fn$I6Tm28wNqmqtOlkTiy5rthT6lonpmceKFKGfEx4xi3E=	\N	f	052762			f	2026-01-14 21:19:54.74975+08	052762	郝静						10700	10700		t	2026-01-14 21:19:54.749954+08	2026-01-14 21:19:55.020619+08	教工	COLLEGE	2	\N		f	\N
149	pbkdf2_sha256$1200000$ngLeAEQL3QwL3zxWdlbVWy$2mitytUo4vwSS40Cn5t8V/TswCSVRJrSrbCVetYceC8=	\N	f	052771			f	2026-01-14 21:19:55.021867+08	052771	张学锋						10700	10700		t	2026-01-14 21:19:55.022033+08	2026-01-14 21:19:55.291159+08	教工	COLLEGE	2	\N		f	\N
150	pbkdf2_sha256$1200000$eMUpG38t4MaJozF7vkQfPz$i47UDw65zK4EAlGER6MaFaOhs9L4nOM5gdrXrmYahHc=	\N	f	052798			f	2026-01-14 21:19:55.293011+08	052798	王喜凤						10700	10700		t	2026-01-14 21:19:55.293259+08	2026-01-14 21:19:55.565005+08	教工	COLLEGE	2	\N		f	\N
151	pbkdf2_sha256$1200000$KoUoBPN81aU6oBfrg1bOmE$mlGqdYYLa6TckkebsEmxYh877OzHHb2isb3DWIQIaPM=	\N	f	052804			f	2026-01-14 21:19:55.566675+08	052804	毛绪纹						10700	10700		t	2026-01-14 21:19:55.56685+08	2026-01-14 21:19:55.839607+08	教工	COLLEGE	2	\N		f	\N
153	pbkdf2_sha256$1200000$8xuzND0uUpruDbBk4PeFjA$pUlSImxK0kKEWbBAJ/dXD4k/+py32wuAt2ePnfLAPMg=	\N	f	052824			f	2026-01-14 21:19:56.114991+08	052824	郭玉华						10700	10700		t	2026-01-14 21:19:56.115166+08	2026-01-14 21:19:56.385551+08	教工	COLLEGE	2	\N		f	\N
154	pbkdf2_sha256$1200000$YZR59V5hQJLBgaLS33bVj0$6BsUzTKok8SB2Rz9V1TD8HldhWXhdw2aUEiUmfDCtKU=	\N	f	052831			f	2026-01-14 21:19:56.386972+08	052831	高云全						10700	10700		t	2026-01-14 21:19:56.387149+08	2026-01-14 21:19:56.65827+08	教工	COLLEGE	2	\N		f	\N
155	pbkdf2_sha256$1200000$TzBghPiMiT6hp6ZSWnUe7J$zY/pR7OGUE4nZXbuYAHFlko2RWE7VFIJ/DK8TLYOGFc=	\N	f	052841			f	2026-01-14 21:19:56.659628+08	052841	王广正						10700	10700		t	2026-01-14 21:19:56.659926+08	2026-01-14 21:19:56.950849+08	教工	COLLEGE	2	\N		f	\N
156	pbkdf2_sha256$1200000$B5f3yTbqNatSOi7uztuFa0$vCwxYTq6uP7N5wTLj5wcVwB90TEAQqBc3KuH0A5tSTs=	\N	f	052845			f	2026-01-14 21:19:56.95247+08	052845	刘卫红						10700	10700		t	2026-01-14 21:19:56.952663+08	2026-01-14 21:19:57.225415+08	教工	COLLEGE	2	\N		f	\N
157	pbkdf2_sha256$1200000$RDk6RrvL5P9siMNBfmqCYI$x8oAnaliGqVSkMGRoi93/xvzb8ncTrXseCoUFXW7y+g=	\N	f	052846			f	2026-01-14 21:19:57.226874+08	052846	王朋飞						10700	10700		t	2026-01-14 21:19:57.227057+08	2026-01-14 21:19:57.493949+08	教工	COLLEGE	2	\N		f	\N
152	pbkdf2_sha256$1200000$u4bMD4NH2AGnAgDkNTsZIo$5bBe28fPpMoYJqVcYUwyohU8P6djPoKwnKRU0LinS5g=	\N	f	052812			f	2026-01-14 21:19:55.841182+08	052812	周建平						10700	教工		t	2026-01-14 21:19:55.841401+08	2026-01-14 21:19:56.113295+08	教工	COLLEGE	2	\N		f	\N
158	pbkdf2_sha256$1200000$218ga49SGDOL78v8PYNIdd$NM9PKi9jKOyE42OpMuEzwMu7rTTguSVaYBi8G2ft48c=	\N	f	052904			f	2026-01-14 21:19:57.495782+08	052904	李乔						10700	10700		t	2026-01-14 21:19:57.496062+08	2026-01-14 21:19:57.761295+08	教工	COLLEGE	2	\N		f	\N
159	pbkdf2_sha256$1200000$WbjeUOOa3fUHZm3pMV03Q8$AVUjOaGJzHi5WxRb9vDTvaDL9B0e52irPDwSnUKmAmE=	\N	f	052910			f	2026-01-14 21:19:57.762584+08	052910	孙国华						10700	10700		t	2026-01-14 21:19:57.762764+08	2026-01-14 21:19:58.028235+08	教工	COLLEGE	2	\N		f	\N
160	pbkdf2_sha256$1200000$3xDtC6NxVbOhsxbgj1ZMSr$lW5OTg76okM/rBiCCtOYPDoVnbez3ugqE4oKkr/9AC8=	\N	f	053037			f	2026-01-14 21:19:58.029502+08	053037	姜太平						10700	10700		t	2026-01-14 21:19:58.029711+08	2026-01-14 21:19:58.29538+08	教工	COLLEGE	2	\N		f	\N
164	pbkdf2_sha256$1200000$1V2qbnIDr4XmAZnMQvGZv5$8UywBtwWSF29JtNJHwVNbFsyF8cz2AM6d31L+l51N4U=	\N	f	053370			f	2026-01-14 21:19:59.101039+08	053370	申元霞						10700	10700		t	2026-01-14 21:19:59.101238+08	2026-01-14 21:19:59.366942+08	教工	COLLEGE	2	\N		f	\N
169	pbkdf2_sha256$1200000$6mG1IvFt4h39xjZxiRvhFb$M2R7ucoX8LsfvL5Zre1HULY0lpzcFZNCRo4Sto8wX3s=	\N	f	20160004			f	2026-01-14 21:20:00.479415+08	20160004	侯书东						10700	教工		t	2026-01-14 21:20:00.479589+08	2026-01-14 21:20:00.748781+08	教工	COLLEGE	2	\N		f	\N
168	pbkdf2_sha256$1200000$nBBNlLivHDHx19ivyxm5h3$kwARy9kxLyagEIRbF8AFRmCQgVOut8faXjlolh2gV7c=	\N	f	20130016			f	2026-01-14 21:20:00.204745+08	20130016	吴宣够						10700	教工		t	2026-01-14 21:20:00.205139+08	2026-01-14 21:20:00.477903+08	教工	COLLEGE	2	\N		t	133
167	pbkdf2_sha256$1200000$2E6eGUCIpHUI3vfERHtnga$Zv2My3GPy1bmFrPmpdMFGyBbdzz9HWyAcSLPntCxAvU=	\N	f	053486			f	2026-01-14 21:19:59.904339+08	053486	卫琳娜						10700	10700		t	2026-01-14 21:19:59.904574+08	2026-01-14 21:20:00.202091+08	教工	COLLEGE	2	\N		t	133
170	pbkdf2_sha256$1200000$2n7C7IxT0AufxmyiwDfWc3$gXjrQnfKCO2dSmcY747T1Cpht3AntVd7Z1a1k2JaTeo=	\N	f	20140070			f	2026-01-14 21:20:00.750687+08	20140070	刘恒						10700	教工		t	2026-01-14 21:20:00.750889+08	2026-01-18 17:43:48.797218+08	教工	COLLEGE	2	\N		f	\N
166	pbkdf2_sha256$1200000$zEstwGLUyYRBzPmtaR8bYm$O4Hlm9ZECEDzr9s/h4F2qND33ss002dUg1zF1NRCwxI=	\N	f	053400			f	2026-01-14 21:19:59.635746+08	053400	黄俊						10700	10700		t	2026-01-14 21:19:59.635923+08	2026-01-14 21:19:59.902655+08	教工	COLLEGE	2	\N		t	1
165	pbkdf2_sha256$1200000$uIwmsyQFaC65FJisEUBDvV$FjzpcGUMCflgORq3fpN49QYgwuXWoPWJrLxzrc7UdPc=	\N	f	053387			f	2026-01-14 21:19:59.368972+08	053387	王修君						10700	10700		t	2026-01-14 21:19:59.369158+08	2026-01-14 21:19:59.634499+08	教工	COLLEGE	2	\N		f	\N
31	pbkdf2_sha256$1200000$FEf28yJOihBLbC3AF3ecjq$0DhN7S/9rnURykBvFytY0wWJlRkFu4cMXrnoQnWHc7Q=	\N	f	239074336			f	2026-01-14 21:14:25.019176+08	239074336	王凯	18297838360	wangk2829@gmail.com	110	2023	软232	10700			t	2026-01-14 21:14:25.019372+08	2026-01-14 21:14:25.292041+08		COLLEGE	1	\N	男	f	\N
98	pbkdf2_sha256$1200000$ghigMfnGIFf5AzCUJIaU4E$ZAx+h3oSN3q0uBKgAx/0BtY5QQyvTST4OT5QURnD3bo=	\N	f	239074420			f	2026-01-14 21:14:43.456298+08	239074420	周全	19855611242	123@qq.com	110	2023	软234	10700			t	2026-01-14 21:14:43.456474+08	2026-01-14 21:14:43.726357+08		COLLEGE	1	\N	男	f	\N
163	pbkdf2_sha256$1200000$Ek3uK104ADxlFjkNmlDj2j$wFJW6gXAteM74X8A1AXDjnFKoE5MJ23ZyoIhOT1ZZEU=	\N	f	053209			f	2026-01-14 21:19:58.833024+08	053209	张慧						10700	教工		t	2026-01-14 21:19:58.833192+08	2026-01-14 21:19:59.099161+08	教工	COLLEGE	2	\N		f	\N
162	pbkdf2_sha256$1200000$OmDkiPMwswryGThBzAiR6F$0E0v+JnhjCAQ9AV6P9rl82QI3l0QdSMWzWmKDt1MZUs=	\N	f	053179			f	2026-01-14 21:19:58.565294+08	053179	李沁						10700	教工		t	2026-01-14 21:19:58.565483+08	2026-01-14 21:19:58.831759+08	教工	COLLEGE	2	\N		f	\N
78	pbkdf2_sha256$1200000$tm9D8AsGSMtEdcolaTxiq9$tP8gd6lz55YQrJJ3B+pYg6fLS+7CB9yqL2IFpQLwuZk=	\N	f	239074397			f	2026-01-14 21:14:37.938427+08	239074397	李洋涛	12345678901	1@q.com	350	2023	软234	10700			t	2026-01-14 21:14:37.938629+08	2026-01-14 21:14:38.211338+08		COLLEGE	1	\N	男	f	\N
161	pbkdf2_sha256$1200000$wGEy1f6QyKh5pIqa7UieOw$G3An2Z028XAxqiwkG94znpgIdXAD3OdKrez6S0wQ7F4=	\N	f	053119			f	2026-01-14 21:19:58.297272+08	053119	王功成						10700	教工		t	2026-01-14 21:19:58.297567+08	2026-01-14 21:19:58.563967+08	教工	COLLEGE	2	\N		f	\N
\.


--
-- Data for Name: users_groups; Type: TABLE DATA; Schema: public; Owner: postgres
--

COPY public.users_groups (id, user_id, group_id) FROM stdin;
\.


--
-- Data for Name: users_user_permissions; Type: TABLE DATA; Schema: public; Owner: postgres
--

COPY public.users_user_permissions (id, user_id, permission_id) FROM stdin;
\.


--
-- Data for Name: workflow_configs; Type: TABLE DATA; Schema: public; Owner: postgres
--

COPY public.workflow_configs (id, name, phase, version, description, is_active, is_locked, created_at, updated_at, batch_id, created_by_id, updated_by_id) FROM stdin;
13	2025-B-立项工作流	APPLICATION	1	立项阶段默认工作流	t	f	2026-01-18 16:58:37.625545+08	2026-01-18 16:58:37.625558+08	10	1	1
14	2025-B-中期工作流	MID_TERM	1	中期阶段默认工作流	t	f	2026-01-18 16:58:57.603485+08	2026-01-18 16:58:57.603496+08	10	1	1
15	2025-B-结题工作流	CLOSURE	1	结题阶段默认工作流	t	f	2026-01-18 16:59:02.028193+08	2026-01-18 16:59:02.0282+08	10	1	1
16	2025-B-经费工作流	BUDGET	1	经费阶段默认工作流	t	f	2026-01-18 18:50:03.245642+08	2026-01-18 18:50:03.245657+08	10	1	1
17	2025-B-异动工作流	CHANGE	1	异动阶段默认工作流	t	f	2026-01-19 09:42:15.532566+08	2026-01-19 09:42:15.532581+08	10	1	1
18	2026-A-立项工作流	APPLICATION	1	立项阶段默认工作流	t	f	2026-01-20 21:38:14.502992+08	2026-01-20 21:38:14.502992+08	9	1	1
19	2026-A-中期工作流	MID_TERM	1	中期阶段默认工作流	t	f	2026-01-20 21:38:17.938866+08	2026-01-20 21:38:17.938866+08	9	1	1
20	2026-A-结题工作流	CLOSURE	1	结题阶段默认工作流	t	f	2026-01-20 21:38:20.809062+08	2026-01-20 21:38:20.809062+08	9	1	1
21	2026-A-经费工作流	BUDGET	1	经费阶段默认工作流	t	f	2026-01-20 21:38:24.220407+08	2026-01-20 21:38:24.220407+08	9	1	1
22	2026-A-异动工作流	CHANGE	1	异动阶段默认工作流	t	f	2026-01-20 21:38:26.841358+08	2026-01-20 21:38:26.841358+08	9	1	1
\.


--
-- Data for Name: workflow_nodes; Type: TABLE DATA; Schema: public; Owner: postgres
--

COPY public.workflow_nodes (id, code, name, node_type, return_policy, notice, sort_order, is_active, created_at, updated_at, workflow_id, role_fk_id, require_expert_review, allowed_reject_to) FROM stdin;
52	TEACHER_REVIEW	导师审核	REVIEW	STUDENT		1	t	2026-01-18 16:58:37.630793+08	2026-01-18 17:14:37.237672+08	13	2	f	51
62	STUDENT_SUBMIT	成员/负责人提交经费	SUBMIT	NONE		0	t	2026-01-18 18:50:03.248186+08	2026-01-18 18:50:03.248197+08	16	1	f	\N
51	STUDENT_SUBMIT	学生提交立项	SUBMIT	NONE		0	t	2026-01-18 16:58:37.628499+08	2026-01-18 16:58:37.628511+08	13	1	f	\N
63	COLLEGE_REVIEW	学院审核	APPROVAL	PREVIOUS		1	t	2026-01-18 18:50:03.249719+08	2026-01-18 18:50:03.250104+08	16	4	f	62
64	STUDENT_SUBMIT	学生提交异动	SUBMIT	NONE		0	t	2026-01-19 09:42:15.560172+08	2026-01-19 09:42:15.560185+08	17	1	f	\N
65	TEACHER_REVIEW	导师审核	REVIEW	STUDENT		1	t	2026-01-19 09:42:15.562792+08	2026-01-19 09:42:15.565553+08	17	2	f	64
67	SCHOOL_REVIEW	校级审核	APPROVAL	PREVIOUS		3	t	2026-01-19 09:42:15.56503+08	2026-01-19 09:42:15.566425+08	17	5	f	66
54	SCHOOL_PUBLISH	校级发布立项	APPROVAL	PREVIOUS		3	t	2026-01-18 16:58:37.633901+08	2026-01-19 09:44:59.677928+08	13	5	f	53
66	COLLEGE_REVIEW	学院审核	APPROVAL	PREVIOUS		2	t	2026-01-19 09:42:15.563849+08	2026-01-19 09:45:12.336335+08	17	4	f	65
53	COLLEGE_REVIEW	学院审核	APPROVAL	PREVIOUS		2	t	2026-01-18 16:58:37.632572+08	2026-01-18 16:58:37.635236+08	13	4	t	52
58	STUDENT_SUBMIT	学生提交结题	SUBMIT	NONE		0	t	2026-01-18 16:59:02.02946+08	2026-01-18 16:59:02.029469+08	15	1	f	\N
59	TEACHER_REVIEW	导师审核	REVIEW	STUDENT		1	t	2026-01-18 16:59:02.030757+08	2026-01-18 16:59:02.03241+08	15	2	f	58
60	COLLEGE_REVIEW	学院审核	APPROVAL	PREVIOUS		2	t	2026-01-18 16:59:02.031459+08	2026-01-18 16:59:02.032886+08	15	4	t	59
61	SCHOOL_FINALIZE	校级确认结题	APPROVAL	STUDENT		3	t	2026-01-18 16:59:02.032202+08	2026-01-18 16:59:02.033134+08	15	5	t	60
57	COLLEGE_FINALIZE	学院确认	APPROVAL	STUDENT		2	t	2026-01-18 16:58:57.608144+08	2026-01-19 10:19:33.396207+08	14	4	f	56
55	STUDENT_SUBMIT	学生提交中期	SUBMIT	NONE		0	t	2026-01-18 16:58:57.60533+08	2026-01-18 16:58:57.605337+08	14	1	f	\N
56	TEACHER_REVIEW	导师审核	REVIEW	STUDENT		1	t	2026-01-18 16:58:57.606967+08	2026-01-18 16:58:57.608532+08	14	2	f	55
68	STUDENT_SUBMIT	学生提交立项	SUBMIT	NONE		0	t	2026-01-20 21:38:14.510022+08	2026-01-20 21:38:14.510022+08	18	1	f	\N
69	TEACHER_REVIEW	导师审核	REVIEW	STUDENT		1	t	2026-01-20 21:38:14.514556+08	2026-01-20 21:38:14.517572+08	18	2	f	68
71	SCHOOL_PUBLISH	校级发布立项	APPROVAL	PREVIOUS		3	t	2026-01-20 21:38:14.517572+08	2026-01-20 21:38:14.522092+08	18	5	t	70
72	STUDENT_SUBMIT	学生提交中期	SUBMIT	NONE		0	t	2026-01-20 21:38:17.940871+08	2026-01-20 21:38:17.940871+08	19	1	f	\N
73	TEACHER_REVIEW	导师审核	REVIEW	STUDENT		1	t	2026-01-20 21:38:17.943882+08	2026-01-20 21:38:17.945876+08	19	2	f	72
75	STUDENT_SUBMIT	学生提交结题	SUBMIT	NONE		0	t	2026-01-20 21:38:20.811096+08	2026-01-20 21:38:20.811096+08	20	1	f	\N
76	TEACHER_REVIEW	导师审核	REVIEW	STUDENT		1	t	2026-01-20 21:38:20.813674+08	2026-01-20 21:38:20.816653+08	20	2	f	75
77	COLLEGE_REVIEW	学院审核	APPROVAL	PREVIOUS		2	t	2026-01-20 21:38:20.814656+08	2026-01-20 21:38:20.817652+08	20	4	t	76
78	SCHOOL_FINALIZE	校级确认结题	APPROVAL	STUDENT		3	t	2026-01-20 21:38:20.816653+08	2026-01-20 21:38:20.817652+08	20	5	t	77
79	STUDENT_SUBMIT	成员/负责人提交经费	SUBMIT	NONE		0	t	2026-01-20 21:38:24.222406+08	2026-01-20 21:38:24.222406+08	21	1	f	\N
80	COLLEGE_REVIEW	学院审核	APPROVAL	PREVIOUS		1	t	2026-01-20 21:38:24.224408+08	2026-01-20 21:38:24.22541+08	21	4	f	79
81	STUDENT_SUBMIT	学生提交异动	SUBMIT	NONE		0	t	2026-01-20 21:38:26.843359+08	2026-01-20 21:38:26.843359+08	22	1	f	\N
82	TEACHER_REVIEW	导师审核	REVIEW	STUDENT		1	t	2026-01-20 21:38:26.845355+08	2026-01-20 21:38:26.848864+08	22	2	f	81
83	COLLEGE_REVIEW	学院审核	APPROVAL	PREVIOUS		2	t	2026-01-20 21:38:26.847358+08	2026-01-20 21:38:26.850869+08	22	4	f	82
84	SCHOOL_REVIEW	校级审核	APPROVAL	PREVIOUS		3	t	2026-01-20 21:38:26.847358+08	2026-01-20 21:38:26.850869+08	22	5	f	83
74	COLLEGE_FINALIZE	学院确认	APPROVAL	STUDENT		2	t	2026-01-20 21:38:17.944876+08	2026-01-24 17:50:15.727476+08	19	4	t	72
70	COLLEGE_REVIEW	学院审核	APPROVAL	PREVIOUS		2	t	2026-01-20 21:38:14.515572+08	2026-01-24 19:34:57.195034+08	18	4	t	68
\.


--
-- Name: auth_group_id_seq; Type: SEQUENCE SET; Schema: public; Owner: postgres
--

SELECT pg_catalog.setval('public.auth_group_id_seq', 1, false);


--
-- Name: auth_group_permissions_id_seq; Type: SEQUENCE SET; Schema: public; Owner: postgres
--

SELECT pg_catalog.setval('public.auth_group_permissions_id_seq', 1, false);


--
-- Name: auth_permission_id_seq; Type: SEQUENCE SET; Schema: public; Owner: postgres
--

SELECT pg_catalog.setval('public.auth_permission_id_seq', 148, true);


--
-- Name: certificate_settings_id_seq; Type: SEQUENCE SET; Schema: public; Owner: postgres
--

SELECT pg_catalog.setval('public.certificate_settings_id_seq', 1, true);


--
-- Name: dictionary_items_id_seq; Type: SEQUENCE SET; Schema: public; Owner: postgres
--

SELECT pg_catalog.setval('public.dictionary_items_id_seq', 184, true);


--
-- Name: dictionary_types_id_seq; Type: SEQUENCE SET; Schema: public; Owner: postgres
--

SELECT pg_catalog.setval('public.dictionary_types_id_seq', 17, true);


--
-- Name: django_admin_log_id_seq; Type: SEQUENCE SET; Schema: public; Owner: postgres
--

SELECT pg_catalog.setval('public.django_admin_log_id_seq', 1, false);


--
-- Name: django_content_type_id_seq; Type: SEQUENCE SET; Schema: public; Owner: postgres
--

SELECT pg_catalog.setval('public.django_content_type_id_seq', 37, true);


--
-- Name: django_migrations_id_seq; Type: SEQUENCE SET; Schema: public; Owner: postgres
--

SELECT pg_catalog.setval('public.django_migrations_id_seq', 114, true);


--
-- Name: expert_groups_id_seq; Type: SEQUENCE SET; Schema: public; Owner: postgres
--

SELECT pg_catalog.setval('public.expert_groups_id_seq', 6, true);


--
-- Name: expert_groups_members_id_seq; Type: SEQUENCE SET; Schema: public; Owner: postgres
--

SELECT pg_catalog.setval('public.expert_groups_members_id_seq', 9, true);


--
-- Name: notifications_id_seq; Type: SEQUENCE SET; Schema: public; Owner: postgres
--

SELECT pg_catalog.setval('public.notifications_id_seq', 111, true);


--
-- Name: project_achievements_id_seq; Type: SEQUENCE SET; Schema: public; Owner: postgres
--

SELECT pg_catalog.setval('public.project_achievements_id_seq', 4, true);


--
-- Name: project_advisors_id_seq; Type: SEQUENCE SET; Schema: public; Owner: postgres
--

SELECT pg_catalog.setval('public.project_advisors_id_seq', 65, true);


--
-- Name: project_archives_id_seq; Type: SEQUENCE SET; Schema: public; Owner: postgres
--

SELECT pg_catalog.setval('public.project_archives_id_seq', 3, true);


--
-- Name: project_batches_id_seq; Type: SEQUENCE SET; Schema: public; Owner: postgres
--

SELECT pg_catalog.setval('public.project_batches_id_seq', 10, true);


--
-- Name: project_change_requests_id_seq; Type: SEQUENCE SET; Schema: public; Owner: postgres
--

SELECT pg_catalog.setval('public.project_change_requests_id_seq', 1, true);


--
-- Name: project_change_reviews_id_seq; Type: SEQUENCE SET; Schema: public; Owner: postgres
--

SELECT pg_catalog.setval('public.project_change_reviews_id_seq', 3, true);


--
-- Name: project_expenditure_reviews_id_seq; Type: SEQUENCE SET; Schema: public; Owner: postgres
--

SELECT pg_catalog.setval('public.project_expenditure_reviews_id_seq', 4, true);


--
-- Name: project_expenditures_id_seq; Type: SEQUENCE SET; Schema: public; Owner: postgres
--

SELECT pg_catalog.setval('public.project_expenditures_id_seq', 7, true);


--
-- Name: project_members_id_seq; Type: SEQUENCE SET; Schema: public; Owner: postgres
--

SELECT pg_catalog.setval('public.project_members_id_seq', 116, true);


--
-- Name: project_phase_instances_id_seq; Type: SEQUENCE SET; Schema: public; Owner: postgres
--

SELECT pg_catalog.setval('public.project_phase_instances_id_seq', 22, true);


--
-- Name: projects_id_seq; Type: SEQUENCE SET; Schema: public; Owner: postgres
--

SELECT pg_catalog.setval('public.projects_id_seq', 27, true);


--
-- Name: reviews_id_seq; Type: SEQUENCE SET; Schema: public; Owner: postgres
--

SELECT pg_catalog.setval('public.reviews_id_seq', 90, true);


--
-- Name: roles_id_seq; Type: SEQUENCE SET; Schema: public; Owner: postgres
--

SELECT pg_catalog.setval('public.roles_id_seq', 6, true);


--
-- Name: system_settings_id_seq; Type: SEQUENCE SET; Schema: public; Owner: postgres
--

SELECT pg_catalog.setval('public.system_settings_id_seq', 62, true);


--
-- Name: users_groups_id_seq; Type: SEQUENCE SET; Schema: public; Owner: postgres
--

SELECT pg_catalog.setval('public.users_groups_id_seq', 1, false);


--
-- Name: users_id_seq; Type: SEQUENCE SET; Schema: public; Owner: postgres
--

SELECT pg_catalog.setval('public.users_id_seq', 170, true);


--
-- Name: users_user_permissions_id_seq; Type: SEQUENCE SET; Schema: public; Owner: postgres
--

SELECT pg_catalog.setval('public.users_user_permissions_id_seq', 1, false);


--
-- Name: workflow_configs_id_seq; Type: SEQUENCE SET; Schema: public; Owner: postgres
--

SELECT pg_catalog.setval('public.workflow_configs_id_seq', 22, true);


--
-- Name: workflow_nodes_id_seq; Type: SEQUENCE SET; Schema: public; Owner: postgres
--

SELECT pg_catalog.setval('public.workflow_nodes_id_seq', 84, true);


--
-- Name: auth_group auth_group_name_key; Type: CONSTRAINT; Schema: public; Owner: postgres
--

ALTER TABLE ONLY public.auth_group
    ADD CONSTRAINT auth_group_name_key UNIQUE (name);


--
-- Name: auth_group_permissions auth_group_permissions_group_id_permission_id_0cd325b0_uniq; Type: CONSTRAINT; Schema: public; Owner: postgres
--

ALTER TABLE ONLY public.auth_group_permissions
    ADD CONSTRAINT auth_group_permissions_group_id_permission_id_0cd325b0_uniq UNIQUE (group_id, permission_id);


--
-- Name: auth_group_permissions auth_group_permissions_pkey; Type: CONSTRAINT; Schema: public; Owner: postgres
--

ALTER TABLE ONLY public.auth_group_permissions
    ADD CONSTRAINT auth_group_permissions_pkey PRIMARY KEY (id);


--
-- Name: auth_group auth_group_pkey; Type: CONSTRAINT; Schema: public; Owner: postgres
--

ALTER TABLE ONLY public.auth_group
    ADD CONSTRAINT auth_group_pkey PRIMARY KEY (id);


--
-- Name: auth_permission auth_permission_content_type_id_codename_01ab375a_uniq; Type: CONSTRAINT; Schema: public; Owner: postgres
--

ALTER TABLE ONLY public.auth_permission
    ADD CONSTRAINT auth_permission_content_type_id_codename_01ab375a_uniq UNIQUE (content_type_id, codename);


--
-- Name: auth_permission auth_permission_pkey; Type: CONSTRAINT; Schema: public; Owner: postgres
--

ALTER TABLE ONLY public.auth_permission
    ADD CONSTRAINT auth_permission_pkey PRIMARY KEY (id);


--
-- Name: certificate_settings certificate_settings_pkey; Type: CONSTRAINT; Schema: public; Owner: postgres
--

ALTER TABLE ONLY public.certificate_settings
    ADD CONSTRAINT certificate_settings_pkey PRIMARY KEY (id);


--
-- Name: dictionary_items dictionary_items_dict_type_id_value_d443096c_uniq; Type: CONSTRAINT; Schema: public; Owner: postgres
--

ALTER TABLE ONLY public.dictionary_items
    ADD CONSTRAINT dictionary_items_dict_type_id_value_d443096c_uniq UNIQUE (dict_type_id, value);


--
-- Name: dictionary_items dictionary_items_pkey; Type: CONSTRAINT; Schema: public; Owner: postgres
--

ALTER TABLE ONLY public.dictionary_items
    ADD CONSTRAINT dictionary_items_pkey PRIMARY KEY (id);


--
-- Name: dictionary_types dictionary_types_code_key; Type: CONSTRAINT; Schema: public; Owner: postgres
--

ALTER TABLE ONLY public.dictionary_types
    ADD CONSTRAINT dictionary_types_code_key UNIQUE (code);


--
-- Name: dictionary_types dictionary_types_pkey; Type: CONSTRAINT; Schema: public; Owner: postgres
--

ALTER TABLE ONLY public.dictionary_types
    ADD CONSTRAINT dictionary_types_pkey PRIMARY KEY (id);


--
-- Name: django_admin_log django_admin_log_pkey; Type: CONSTRAINT; Schema: public; Owner: postgres
--

ALTER TABLE ONLY public.django_admin_log
    ADD CONSTRAINT django_admin_log_pkey PRIMARY KEY (id);


--
-- Name: django_content_type django_content_type_app_label_model_76bd3d3b_uniq; Type: CONSTRAINT; Schema: public; Owner: postgres
--

ALTER TABLE ONLY public.django_content_type
    ADD CONSTRAINT django_content_type_app_label_model_76bd3d3b_uniq UNIQUE (app_label, model);


--
-- Name: django_content_type django_content_type_pkey; Type: CONSTRAINT; Schema: public; Owner: postgres
--

ALTER TABLE ONLY public.django_content_type
    ADD CONSTRAINT django_content_type_pkey PRIMARY KEY (id);


--
-- Name: django_migrations django_migrations_pkey; Type: CONSTRAINT; Schema: public; Owner: postgres
--

ALTER TABLE ONLY public.django_migrations
    ADD CONSTRAINT django_migrations_pkey PRIMARY KEY (id);


--
-- Name: django_session django_session_pkey; Type: CONSTRAINT; Schema: public; Owner: postgres
--

ALTER TABLE ONLY public.django_session
    ADD CONSTRAINT django_session_pkey PRIMARY KEY (session_key);


--
-- Name: expert_groups_members expert_groups_members_expertgroup_id_user_id_abc88dfa_uniq; Type: CONSTRAINT; Schema: public; Owner: postgres
--

ALTER TABLE ONLY public.expert_groups_members
    ADD CONSTRAINT expert_groups_members_expertgroup_id_user_id_abc88dfa_uniq UNIQUE (expertgroup_id, user_id);


--
-- Name: expert_groups_members expert_groups_members_pkey; Type: CONSTRAINT; Schema: public; Owner: postgres
--

ALTER TABLE ONLY public.expert_groups_members
    ADD CONSTRAINT expert_groups_members_pkey PRIMARY KEY (id);


--
-- Name: expert_groups expert_groups_pkey; Type: CONSTRAINT; Schema: public; Owner: postgres
--

ALTER TABLE ONLY public.expert_groups
    ADD CONSTRAINT expert_groups_pkey PRIMARY KEY (id);


--
-- Name: notifications notifications_pkey; Type: CONSTRAINT; Schema: public; Owner: postgres
--

ALTER TABLE ONLY public.notifications
    ADD CONSTRAINT notifications_pkey PRIMARY KEY (id);


--
-- Name: project_achievements project_achievements_pkey; Type: CONSTRAINT; Schema: public; Owner: postgres
--

ALTER TABLE ONLY public.project_achievements
    ADD CONSTRAINT project_achievements_pkey PRIMARY KEY (id);


--
-- Name: project_advisors project_advisors_pkey; Type: CONSTRAINT; Schema: public; Owner: postgres
--

ALTER TABLE ONLY public.project_advisors
    ADD CONSTRAINT project_advisors_pkey PRIMARY KEY (id);


--
-- Name: project_archives project_archives_pkey; Type: CONSTRAINT; Schema: public; Owner: postgres
--

ALTER TABLE ONLY public.project_archives
    ADD CONSTRAINT project_archives_pkey PRIMARY KEY (id);


--
-- Name: project_archives project_archives_project_id_key; Type: CONSTRAINT; Schema: public; Owner: postgres
--

ALTER TABLE ONLY public.project_archives
    ADD CONSTRAINT project_archives_project_id_key UNIQUE (project_id);


--
-- Name: project_batches project_batches_code_key; Type: CONSTRAINT; Schema: public; Owner: postgres
--

ALTER TABLE ONLY public.project_batches
    ADD CONSTRAINT project_batches_code_key UNIQUE (code);


--
-- Name: project_batches project_batches_pkey; Type: CONSTRAINT; Schema: public; Owner: postgres
--

ALTER TABLE ONLY public.project_batches
    ADD CONSTRAINT project_batches_pkey PRIMARY KEY (id);


--
-- Name: project_change_requests project_change_requests_pkey; Type: CONSTRAINT; Schema: public; Owner: postgres
--

ALTER TABLE ONLY public.project_change_requests
    ADD CONSTRAINT project_change_requests_pkey PRIMARY KEY (id);


--
-- Name: project_change_reviews project_change_reviews_pkey; Type: CONSTRAINT; Schema: public; Owner: postgres
--

ALTER TABLE ONLY public.project_change_reviews
    ADD CONSTRAINT project_change_reviews_pkey PRIMARY KEY (id);


--
-- Name: project_expenditure_reviews project_expenditure_reviews_pkey; Type: CONSTRAINT; Schema: public; Owner: postgres
--

ALTER TABLE ONLY public.project_expenditure_reviews
    ADD CONSTRAINT project_expenditure_reviews_pkey PRIMARY KEY (id);


--
-- Name: project_expenditures project_expenditures_pkey; Type: CONSTRAINT; Schema: public; Owner: postgres
--

ALTER TABLE ONLY public.project_expenditures
    ADD CONSTRAINT project_expenditures_pkey PRIMARY KEY (id);


--
-- Name: project_members project_members_pkey; Type: CONSTRAINT; Schema: public; Owner: postgres
--

ALTER TABLE ONLY public.project_members
    ADD CONSTRAINT project_members_pkey PRIMARY KEY (id);


--
-- Name: project_members project_members_project_id_user_id_ab18bfcc_uniq; Type: CONSTRAINT; Schema: public; Owner: postgres
--

ALTER TABLE ONLY public.project_members
    ADD CONSTRAINT project_members_project_id_user_id_ab18bfcc_uniq UNIQUE (project_id, user_id);


--
-- Name: project_phase_instances project_phase_instances_pkey; Type: CONSTRAINT; Schema: public; Owner: postgres
--

ALTER TABLE ONLY public.project_phase_instances
    ADD CONSTRAINT project_phase_instances_pkey PRIMARY KEY (id);


--
-- Name: projects projects_pkey; Type: CONSTRAINT; Schema: public; Owner: postgres
--

ALTER TABLE ONLY public.projects
    ADD CONSTRAINT projects_pkey PRIMARY KEY (id);


--
-- Name: projects projects_project_no_key; Type: CONSTRAINT; Schema: public; Owner: postgres
--

ALTER TABLE ONLY public.projects
    ADD CONSTRAINT projects_project_no_key UNIQUE (project_no);


--
-- Name: reviews reviews_pkey; Type: CONSTRAINT; Schema: public; Owner: postgres
--

ALTER TABLE ONLY public.reviews
    ADD CONSTRAINT reviews_pkey PRIMARY KEY (id);


--
-- Name: roles roles_code_key; Type: CONSTRAINT; Schema: public; Owner: postgres
--

ALTER TABLE ONLY public.roles
    ADD CONSTRAINT roles_code_key UNIQUE (code);


--
-- Name: roles roles_pkey; Type: CONSTRAINT; Schema: public; Owner: postgres
--

ALTER TABLE ONLY public.roles
    ADD CONSTRAINT roles_pkey PRIMARY KEY (id);


--
-- Name: system_settings system_settings_code_batch_id_9901544a_uniq; Type: CONSTRAINT; Schema: public; Owner: postgres
--

ALTER TABLE ONLY public.system_settings
    ADD CONSTRAINT system_settings_code_batch_id_9901544a_uniq UNIQUE (code, batch_id);


--
-- Name: system_settings system_settings_pkey; Type: CONSTRAINT; Schema: public; Owner: postgres
--

ALTER TABLE ONLY public.system_settings
    ADD CONSTRAINT system_settings_pkey PRIMARY KEY (id);


--
-- Name: project_phase_instances uniq_project_phase_attempt; Type: CONSTRAINT; Schema: public; Owner: postgres
--

ALTER TABLE ONLY public.project_phase_instances
    ADD CONSTRAINT uniq_project_phase_attempt UNIQUE (project_id, phase, attempt_no);


--
-- Name: users users_employee_id_key; Type: CONSTRAINT; Schema: public; Owner: postgres
--

ALTER TABLE ONLY public.users
    ADD CONSTRAINT users_employee_id_key UNIQUE (employee_id);


--
-- Name: users_groups users_groups_pkey; Type: CONSTRAINT; Schema: public; Owner: postgres
--

ALTER TABLE ONLY public.users_groups
    ADD CONSTRAINT users_groups_pkey PRIMARY KEY (id);


--
-- Name: users_groups users_groups_user_id_group_id_fc7788e8_uniq; Type: CONSTRAINT; Schema: public; Owner: postgres
--

ALTER TABLE ONLY public.users_groups
    ADD CONSTRAINT users_groups_user_id_group_id_fc7788e8_uniq UNIQUE (user_id, group_id);


--
-- Name: users users_pkey; Type: CONSTRAINT; Schema: public; Owner: postgres
--

ALTER TABLE ONLY public.users
    ADD CONSTRAINT users_pkey PRIMARY KEY (id);


--
-- Name: users_user_permissions users_user_permissions_pkey; Type: CONSTRAINT; Schema: public; Owner: postgres
--

ALTER TABLE ONLY public.users_user_permissions
    ADD CONSTRAINT users_user_permissions_pkey PRIMARY KEY (id);


--
-- Name: users_user_permissions users_user_permissions_user_id_permission_id_3b86cbdf_uniq; Type: CONSTRAINT; Schema: public; Owner: postgres
--

ALTER TABLE ONLY public.users_user_permissions
    ADD CONSTRAINT users_user_permissions_user_id_permission_id_3b86cbdf_uniq UNIQUE (user_id, permission_id);


--
-- Name: users users_username_key; Type: CONSTRAINT; Schema: public; Owner: postgres
--

ALTER TABLE ONLY public.users
    ADD CONSTRAINT users_username_key UNIQUE (username);


--
-- Name: workflow_configs workflow_configs_phase_batch_id_version_06d76f32_uniq; Type: CONSTRAINT; Schema: public; Owner: postgres
--

ALTER TABLE ONLY public.workflow_configs
    ADD CONSTRAINT workflow_configs_phase_batch_id_version_06d76f32_uniq UNIQUE (phase, batch_id, version);


--
-- Name: workflow_configs workflow_configs_pkey; Type: CONSTRAINT; Schema: public; Owner: postgres
--

ALTER TABLE ONLY public.workflow_configs
    ADD CONSTRAINT workflow_configs_pkey PRIMARY KEY (id);


--
-- Name: workflow_nodes workflow_nodes_pkey; Type: CONSTRAINT; Schema: public; Owner: postgres
--

ALTER TABLE ONLY public.workflow_nodes
    ADD CONSTRAINT workflow_nodes_pkey PRIMARY KEY (id);


--
-- Name: workflow_nodes workflow_nodes_workflow_id_code_63ae61b1_uniq; Type: CONSTRAINT; Schema: public; Owner: postgres
--

ALTER TABLE ONLY public.workflow_nodes
    ADD CONSTRAINT workflow_nodes_workflow_id_code_63ae61b1_uniq UNIQUE (workflow_id, code);


--
-- Name: auth_group_name_a6ea08ec_like; Type: INDEX; Schema: public; Owner: postgres
--

CREATE INDEX auth_group_name_a6ea08ec_like ON public.auth_group USING btree (name varchar_pattern_ops);


--
-- Name: auth_group_permissions_group_id_b120cbf9; Type: INDEX; Schema: public; Owner: postgres
--

CREATE INDEX auth_group_permissions_group_id_b120cbf9 ON public.auth_group_permissions USING btree (group_id);


--
-- Name: auth_group_permissions_permission_id_84c5c92e; Type: INDEX; Schema: public; Owner: postgres
--

CREATE INDEX auth_group_permissions_permission_id_84c5c92e ON public.auth_group_permissions USING btree (permission_id);


--
-- Name: auth_permission_content_type_id_2f476e4b; Type: INDEX; Schema: public; Owner: postgres
--

CREATE INDEX auth_permission_content_type_id_2f476e4b ON public.auth_permission USING btree (content_type_id);


--
-- Name: certificate_settings_project_category_id_eb459b98; Type: INDEX; Schema: public; Owner: postgres
--

CREATE INDEX certificate_settings_project_category_id_eb459b98 ON public.certificate_settings USING btree (project_category_id);


--
-- Name: certificate_settings_project_level_id_0ca1dab1; Type: INDEX; Schema: public; Owner: postgres
--

CREATE INDEX certificate_settings_project_level_id_0ca1dab1 ON public.certificate_settings USING btree (project_level_id);


--
-- Name: certificate_settings_updated_by_id_2d83e676; Type: INDEX; Schema: public; Owner: postgres
--

CREATE INDEX certificate_settings_updated_by_id_2d83e676 ON public.certificate_settings USING btree (updated_by_id);


--
-- Name: dictionary__dict_ty_efa91e_idx; Type: INDEX; Schema: public; Owner: postgres
--

CREATE INDEX dictionary__dict_ty_efa91e_idx ON public.dictionary_items USING btree (dict_type_id, is_active);


--
-- Name: dictionary_items_dict_type_id_08d3c96f; Type: INDEX; Schema: public; Owner: postgres
--

CREATE INDEX dictionary_items_dict_type_id_08d3c96f ON public.dictionary_items USING btree (dict_type_id);


--
-- Name: dictionary_items_value_cc3d1c81; Type: INDEX; Schema: public; Owner: postgres
--

CREATE INDEX dictionary_items_value_cc3d1c81 ON public.dictionary_items USING btree (value);


--
-- Name: dictionary_items_value_cc3d1c81_like; Type: INDEX; Schema: public; Owner: postgres
--

CREATE INDEX dictionary_items_value_cc3d1c81_like ON public.dictionary_items USING btree (value varchar_pattern_ops);


--
-- Name: dictionary_types_code_0d0f74a4_like; Type: INDEX; Schema: public; Owner: postgres
--

CREATE INDEX dictionary_types_code_0d0f74a4_like ON public.dictionary_types USING btree (code varchar_pattern_ops);


--
-- Name: django_admin_log_content_type_id_c4bce8eb; Type: INDEX; Schema: public; Owner: postgres
--

CREATE INDEX django_admin_log_content_type_id_c4bce8eb ON public.django_admin_log USING btree (content_type_id);


--
-- Name: django_admin_log_user_id_c564eba6; Type: INDEX; Schema: public; Owner: postgres
--

CREATE INDEX django_admin_log_user_id_c564eba6 ON public.django_admin_log USING btree (user_id);


--
-- Name: django_session_expire_date_a5c62663; Type: INDEX; Schema: public; Owner: postgres
--

CREATE INDEX django_session_expire_date_a5c62663 ON public.django_session USING btree (expire_date);


--
-- Name: django_session_session_key_c0390e0f_like; Type: INDEX; Schema: public; Owner: postgres
--

CREATE INDEX django_session_session_key_c0390e0f_like ON public.django_session USING btree (session_key varchar_pattern_ops);


--
-- Name: expert_groups_created_by_id_ea191c03; Type: INDEX; Schema: public; Owner: postgres
--

CREATE INDEX expert_groups_created_by_id_ea191c03 ON public.expert_groups USING btree (created_by_id);


--
-- Name: expert_groups_members_expertgroup_id_c0b06855; Type: INDEX; Schema: public; Owner: postgres
--

CREATE INDEX expert_groups_members_expertgroup_id_c0b06855 ON public.expert_groups_members USING btree (expertgroup_id);


--
-- Name: expert_groups_members_user_id_94d717a7; Type: INDEX; Schema: public; Owner: postgres
--

CREATE INDEX expert_groups_members_user_id_94d717a7 ON public.expert_groups_members USING btree (user_id);


--
-- Name: notificatio_recipie_583549_idx; Type: INDEX; Schema: public; Owner: postgres
--

CREATE INDEX notificatio_recipie_583549_idx ON public.notifications USING btree (recipient_id, is_read);


--
-- Name: notifications_recipient_id_e1133bac; Type: INDEX; Schema: public; Owner: postgres
--

CREATE INDEX notifications_recipient_id_e1133bac ON public.notifications USING btree (recipient_id);


--
-- Name: notifications_related_project_id_937ebb75; Type: INDEX; Schema: public; Owner: postgres
--

CREATE INDEX notifications_related_project_id_937ebb75 ON public.notifications USING btree (related_project_id);


--
-- Name: project_ach_project_5cdff8_idx; Type: INDEX; Schema: public; Owner: postgres
--

CREATE INDEX project_ach_project_5cdff8_idx ON public.project_achievements USING btree (project_id, achievement_type_id);


--
-- Name: project_achievements_achievement_type_id_1d76d968; Type: INDEX; Schema: public; Owner: postgres
--

CREATE INDEX project_achievements_achievement_type_id_1d76d968 ON public.project_achievements USING btree (achievement_type_id);


--
-- Name: project_achievements_project_id_99c3182e; Type: INDEX; Schema: public; Owner: postgres
--

CREATE INDEX project_achievements_project_id_99c3182e ON public.project_achievements USING btree (project_id);


--
-- Name: project_advisors_project_id_d2ef5924; Type: INDEX; Schema: public; Owner: postgres
--

CREATE INDEX project_advisors_project_id_d2ef5924 ON public.project_advisors USING btree (project_id);


--
-- Name: project_advisors_user_id_e397bc74; Type: INDEX; Schema: public; Owner: postgres
--

CREATE INDEX project_advisors_user_id_e397bc74 ON public.project_advisors USING btree (user_id);


--
-- Name: project_arc_archive_aee040_idx; Type: INDEX; Schema: public; Owner: postgres
--

CREATE INDEX project_arc_archive_aee040_idx ON public.project_archives USING btree (archived_at DESC);


--
-- Name: project_batches_code_560841e3_like; Type: INDEX; Schema: public; Owner: postgres
--

CREATE INDEX project_batches_code_560841e3_like ON public.project_batches USING btree (code varchar_pattern_ops);


--
-- Name: project_change_requests_created_by_id_58f7c62d; Type: INDEX; Schema: public; Owner: postgres
--

CREATE INDEX project_change_requests_created_by_id_58f7c62d ON public.project_change_requests USING btree (created_by_id);


--
-- Name: project_change_requests_project_id_3231f0af; Type: INDEX; Schema: public; Owner: postgres
--

CREATE INDEX project_change_requests_project_id_3231f0af ON public.project_change_requests USING btree (project_id);


--
-- Name: project_change_reviews_change_request_id_7de00e2e; Type: INDEX; Schema: public; Owner: postgres
--

CREATE INDEX project_change_reviews_change_request_id_7de00e2e ON public.project_change_reviews USING btree (change_request_id);


--
-- Name: project_change_reviews_reviewer_id_3abd4640; Type: INDEX; Schema: public; Owner: postgres
--

CREATE INDEX project_change_reviews_reviewer_id_3abd4640 ON public.project_change_reviews USING btree (reviewer_id);


--
-- Name: project_change_reviews_workflow_node_id_5aa47440; Type: INDEX; Schema: public; Owner: postgres
--

CREATE INDEX project_change_reviews_workflow_node_id_5aa47440 ON public.project_change_reviews USING btree (workflow_node_id);


--
-- Name: project_exp_project_fcb7bd_idx; Type: INDEX; Schema: public; Owner: postgres
--

CREATE INDEX project_exp_project_fcb7bd_idx ON public.project_expenditures USING btree (project_id, expenditure_date);


--
-- Name: project_exp_status_86c717_idx; Type: INDEX; Schema: public; Owner: postgres
--

CREATE INDEX project_exp_status_86c717_idx ON public.project_expenditures USING btree (status);


--
-- Name: project_expenditure_reviews_expenditure_id_d8259029; Type: INDEX; Schema: public; Owner: postgres
--

CREATE INDEX project_expenditure_reviews_expenditure_id_d8259029 ON public.project_expenditure_reviews USING btree (expenditure_id);


--
-- Name: project_expenditure_reviews_reviewer_id_954d0e0c; Type: INDEX; Schema: public; Owner: postgres
--

CREATE INDEX project_expenditure_reviews_reviewer_id_954d0e0c ON public.project_expenditure_reviews USING btree (reviewer_id);


--
-- Name: project_expenditure_reviews_workflow_node_id_d352905a; Type: INDEX; Schema: public; Owner: postgres
--

CREATE INDEX project_expenditure_reviews_workflow_node_id_d352905a ON public.project_expenditure_reviews USING btree (workflow_node_id);


--
-- Name: project_expenditures_created_by_id_283ff779; Type: INDEX; Schema: public; Owner: postgres
--

CREATE INDEX project_expenditures_created_by_id_283ff779 ON public.project_expenditures USING btree (created_by_id);


--
-- Name: project_expenditures_leader_reviewed_by_id_3359cdab; Type: INDEX; Schema: public; Owner: postgres
--

CREATE INDEX project_expenditures_leader_reviewed_by_id_3359cdab ON public.project_expenditures USING btree (leader_reviewed_by_id);


--
-- Name: project_expenditures_project_id_6c79dd16; Type: INDEX; Schema: public; Owner: postgres
--

CREATE INDEX project_expenditures_project_id_6c79dd16 ON public.project_expenditures USING btree (project_id);


--
-- Name: project_expenditures_reviewed_by_id_4a719410; Type: INDEX; Schema: public; Owner: postgres
--

CREATE INDEX project_expenditures_reviewed_by_id_4a719410 ON public.project_expenditures USING btree (reviewed_by_id);


--
-- Name: project_members_project_id_bf2e42ec; Type: INDEX; Schema: public; Owner: postgres
--

CREATE INDEX project_members_project_id_bf2e42ec ON public.project_members USING btree (project_id);


--
-- Name: project_members_user_id_2e9d44b1; Type: INDEX; Schema: public; Owner: postgres
--

CREATE INDEX project_members_user_id_2e9d44b1 ON public.project_members USING btree (user_id);


--
-- Name: project_phase_instances_created_by_id_7783b14c; Type: INDEX; Schema: public; Owner: postgres
--

CREATE INDEX project_phase_instances_created_by_id_7783b14c ON public.project_phase_instances USING btree (created_by_id);


--
-- Name: project_phase_instances_project_id_9f3b1467; Type: INDEX; Schema: public; Owner: postgres
--

CREATE INDEX project_phase_instances_project_id_9f3b1467 ON public.project_phase_instances USING btree (project_id);


--
-- Name: projects_batch_id_67b3e4b1; Type: INDEX; Schema: public; Owner: postgres
--

CREATE INDEX projects_batch_id_67b3e4b1 ON public.projects USING btree (batch_id);


--
-- Name: projects_category_id_2110ba9e; Type: INDEX; Schema: public; Owner: postgres
--

CREATE INDEX projects_category_id_2110ba9e ON public.projects USING btree (category_id);


--
-- Name: projects_leader_id_aabb0912; Type: INDEX; Schema: public; Owner: postgres
--

CREATE INDEX projects_leader_id_aabb0912 ON public.projects USING btree (leader_id);


--
-- Name: projects_level_id_8a6f1c0b; Type: INDEX; Schema: public; Owner: postgres
--

CREATE INDEX projects_level_id_8a6f1c0b ON public.projects USING btree (level_id);


--
-- Name: projects_project_b2c64d_idx; Type: INDEX; Schema: public; Owner: postgres
--

CREATE INDEX projects_project_b2c64d_idx ON public.projects USING btree (project_no);


--
-- Name: projects_project_no_b1aacc70_like; Type: INDEX; Schema: public; Owner: postgres
--

CREATE INDEX projects_project_no_b1aacc70_like ON public.projects USING btree (project_no varchar_pattern_ops);


--
-- Name: projects_source_id_4682911e; Type: INDEX; Schema: public; Owner: postgres
--

CREATE INDEX projects_source_id_4682911e ON public.projects USING btree (source_id);


--
-- Name: projects_status_6303d7_idx; Type: INDEX; Schema: public; Owner: postgres
--

CREATE INDEX projects_status_6303d7_idx ON public.projects USING btree (status);


--
-- Name: reviews_phase_instance_id_76b853a5; Type: INDEX; Schema: public; Owner: postgres
--

CREATE INDEX reviews_phase_instance_id_76b853a5 ON public.reviews USING btree (phase_instance_id);


--
-- Name: reviews_proj_wfnode_idx; Type: INDEX; Schema: public; Owner: postgres
--

CREATE INDEX reviews_proj_wfnode_idx ON public.reviews USING btree (project_id, workflow_node_id);


--
-- Name: reviews_project_id_1ffdb6d1; Type: INDEX; Schema: public; Owner: postgres
--

CREATE INDEX reviews_project_id_1ffdb6d1 ON public.reviews USING btree (project_id);


--
-- Name: reviews_reviewer_id_dbb954a8; Type: INDEX; Schema: public; Owner: postgres
--

CREATE INDEX reviews_reviewer_id_dbb954a8 ON public.reviews USING btree (reviewer_id);


--
-- Name: reviews_status_12ddaa_idx; Type: INDEX; Schema: public; Owner: postgres
--

CREATE INDEX reviews_status_12ddaa_idx ON public.reviews USING btree (status);


--
-- Name: reviews_workflow_node_id_ac4266fc; Type: INDEX; Schema: public; Owner: postgres
--

CREATE INDEX reviews_workflow_node_id_ac4266fc ON public.reviews USING btree (workflow_node_id);


--
-- Name: roles_code_e726c310_like; Type: INDEX; Schema: public; Owner: postgres
--

CREATE INDEX roles_code_e726c310_like ON public.roles USING btree (code varchar_pattern_ops);


--
-- Name: system_settings_batch_id_09927f7b; Type: INDEX; Schema: public; Owner: postgres
--

CREATE INDEX system_settings_batch_id_09927f7b ON public.system_settings USING btree (batch_id);


--
-- Name: system_settings_updated_by_id_cf1dfbba; Type: INDEX; Schema: public; Owner: postgres
--

CREATE INDEX system_settings_updated_by_id_cf1dfbba ON public.system_settings USING btree (updated_by_id);


--
-- Name: users_employee_id_7c8e0276_like; Type: INDEX; Schema: public; Owner: postgres
--

CREATE INDEX users_employee_id_7c8e0276_like ON public.users USING btree (employee_id varchar_pattern_ops);


--
-- Name: users_expert_assigned_by_id_174c6b8c; Type: INDEX; Schema: public; Owner: postgres
--

CREATE INDEX users_expert_assigned_by_id_174c6b8c ON public.users USING btree (expert_assigned_by_id);


--
-- Name: users_groups_group_id_2f3517aa; Type: INDEX; Schema: public; Owner: postgres
--

CREATE INDEX users_groups_group_id_2f3517aa ON public.users_groups USING btree (group_id);


--
-- Name: users_groups_user_id_f500bee5; Type: INDEX; Schema: public; Owner: postgres
--

CREATE INDEX users_groups_user_id_f500bee5 ON public.users_groups USING btree (user_id);


--
-- Name: users_managed_scope_value_id_b94b760f; Type: INDEX; Schema: public; Owner: postgres
--

CREATE INDEX users_managed_scope_value_id_b94b760f ON public.users USING btree (managed_scope_value_id);


--
-- Name: users_role_fk_id_59b0f6c3; Type: INDEX; Schema: public; Owner: postgres
--

CREATE INDEX users_role_fk_id_59b0f6c3 ON public.users USING btree (role_fk_id);


--
-- Name: users_user_permissions_permission_id_6d08dcd2; Type: INDEX; Schema: public; Owner: postgres
--

CREATE INDEX users_user_permissions_permission_id_6d08dcd2 ON public.users_user_permissions USING btree (permission_id);


--
-- Name: users_user_permissions_user_id_92473840; Type: INDEX; Schema: public; Owner: postgres
--

CREATE INDEX users_user_permissions_user_id_92473840 ON public.users_user_permissions USING btree (user_id);


--
-- Name: users_username_e8658fc8_like; Type: INDEX; Schema: public; Owner: postgres
--

CREATE INDEX users_username_e8658fc8_like ON public.users USING btree (username varchar_pattern_ops);


--
-- Name: workflow_configs_batch_id_537df69a; Type: INDEX; Schema: public; Owner: postgres
--

CREATE INDEX workflow_configs_batch_id_537df69a ON public.workflow_configs USING btree (batch_id);


--
-- Name: workflow_configs_created_by_id_9ce1a151; Type: INDEX; Schema: public; Owner: postgres
--

CREATE INDEX workflow_configs_created_by_id_9ce1a151 ON public.workflow_configs USING btree (created_by_id);


--
-- Name: workflow_configs_updated_by_id_92af6584; Type: INDEX; Schema: public; Owner: postgres
--

CREATE INDEX workflow_configs_updated_by_id_92af6584 ON public.workflow_configs USING btree (updated_by_id);


--
-- Name: workflow_nodes_role_fk_id_505d424b; Type: INDEX; Schema: public; Owner: postgres
--

CREATE INDEX workflow_nodes_role_fk_id_505d424b ON public.workflow_nodes USING btree (role_fk_id);


--
-- Name: workflow_nodes_workflow_id_411643ef; Type: INDEX; Schema: public; Owner: postgres
--

CREATE INDEX workflow_nodes_workflow_id_411643ef ON public.workflow_nodes USING btree (workflow_id);


--
-- Name: auth_group_permissions auth_group_permissio_permission_id_84c5c92e_fk_auth_perm; Type: FK CONSTRAINT; Schema: public; Owner: postgres
--

ALTER TABLE ONLY public.auth_group_permissions
    ADD CONSTRAINT auth_group_permissio_permission_id_84c5c92e_fk_auth_perm FOREIGN KEY (permission_id) REFERENCES public.auth_permission(id) DEFERRABLE INITIALLY DEFERRED;


--
-- Name: auth_group_permissions auth_group_permissions_group_id_b120cbf9_fk_auth_group_id; Type: FK CONSTRAINT; Schema: public; Owner: postgres
--

ALTER TABLE ONLY public.auth_group_permissions
    ADD CONSTRAINT auth_group_permissions_group_id_b120cbf9_fk_auth_group_id FOREIGN KEY (group_id) REFERENCES public.auth_group(id) DEFERRABLE INITIALLY DEFERRED;


--
-- Name: auth_permission auth_permission_content_type_id_2f476e4b_fk_django_co; Type: FK CONSTRAINT; Schema: public; Owner: postgres
--

ALTER TABLE ONLY public.auth_permission
    ADD CONSTRAINT auth_permission_content_type_id_2f476e4b_fk_django_co FOREIGN KEY (content_type_id) REFERENCES public.django_content_type(id) DEFERRABLE INITIALLY DEFERRED;


--
-- Name: certificate_settings certificate_settings_project_category_id_eb459b98_fk_dictionar; Type: FK CONSTRAINT; Schema: public; Owner: postgres
--

ALTER TABLE ONLY public.certificate_settings
    ADD CONSTRAINT certificate_settings_project_category_id_eb459b98_fk_dictionar FOREIGN KEY (project_category_id) REFERENCES public.dictionary_items(id) DEFERRABLE INITIALLY DEFERRED;


--
-- Name: certificate_settings certificate_settings_project_level_id_0ca1dab1_fk_dictionar; Type: FK CONSTRAINT; Schema: public; Owner: postgres
--

ALTER TABLE ONLY public.certificate_settings
    ADD CONSTRAINT certificate_settings_project_level_id_0ca1dab1_fk_dictionar FOREIGN KEY (project_level_id) REFERENCES public.dictionary_items(id) DEFERRABLE INITIALLY DEFERRED;


--
-- Name: certificate_settings certificate_settings_updated_by_id_2d83e676_fk_users_id; Type: FK CONSTRAINT; Schema: public; Owner: postgres
--

ALTER TABLE ONLY public.certificate_settings
    ADD CONSTRAINT certificate_settings_updated_by_id_2d83e676_fk_users_id FOREIGN KEY (updated_by_id) REFERENCES public.users(id) DEFERRABLE INITIALLY DEFERRED;


--
-- Name: dictionary_items dictionary_items_dict_type_id_08d3c96f_fk_dictionary_types_id; Type: FK CONSTRAINT; Schema: public; Owner: postgres
--

ALTER TABLE ONLY public.dictionary_items
    ADD CONSTRAINT dictionary_items_dict_type_id_08d3c96f_fk_dictionary_types_id FOREIGN KEY (dict_type_id) REFERENCES public.dictionary_types(id) DEFERRABLE INITIALLY DEFERRED;


--
-- Name: django_admin_log django_admin_log_content_type_id_c4bce8eb_fk_django_co; Type: FK CONSTRAINT; Schema: public; Owner: postgres
--

ALTER TABLE ONLY public.django_admin_log
    ADD CONSTRAINT django_admin_log_content_type_id_c4bce8eb_fk_django_co FOREIGN KEY (content_type_id) REFERENCES public.django_content_type(id) DEFERRABLE INITIALLY DEFERRED;


--
-- Name: django_admin_log django_admin_log_user_id_c564eba6_fk_users_id; Type: FK CONSTRAINT; Schema: public; Owner: postgres
--

ALTER TABLE ONLY public.django_admin_log
    ADD CONSTRAINT django_admin_log_user_id_c564eba6_fk_users_id FOREIGN KEY (user_id) REFERENCES public.users(id) DEFERRABLE INITIALLY DEFERRED;


--
-- Name: expert_groups expert_groups_created_by_id_ea191c03_fk_users_id; Type: FK CONSTRAINT; Schema: public; Owner: postgres
--

ALTER TABLE ONLY public.expert_groups
    ADD CONSTRAINT expert_groups_created_by_id_ea191c03_fk_users_id FOREIGN KEY (created_by_id) REFERENCES public.users(id) DEFERRABLE INITIALLY DEFERRED;


--
-- Name: expert_groups_members expert_groups_member_expertgroup_id_c0b06855_fk_expert_gr; Type: FK CONSTRAINT; Schema: public; Owner: postgres
--

ALTER TABLE ONLY public.expert_groups_members
    ADD CONSTRAINT expert_groups_member_expertgroup_id_c0b06855_fk_expert_gr FOREIGN KEY (expertgroup_id) REFERENCES public.expert_groups(id) DEFERRABLE INITIALLY DEFERRED;


--
-- Name: expert_groups_members expert_groups_members_user_id_94d717a7_fk_users_id; Type: FK CONSTRAINT; Schema: public; Owner: postgres
--

ALTER TABLE ONLY public.expert_groups_members
    ADD CONSTRAINT expert_groups_members_user_id_94d717a7_fk_users_id FOREIGN KEY (user_id) REFERENCES public.users(id) DEFERRABLE INITIALLY DEFERRED;


--
-- Name: notifications notifications_recipient_id_e1133bac_fk_users_id; Type: FK CONSTRAINT; Schema: public; Owner: postgres
--

ALTER TABLE ONLY public.notifications
    ADD CONSTRAINT notifications_recipient_id_e1133bac_fk_users_id FOREIGN KEY (recipient_id) REFERENCES public.users(id) DEFERRABLE INITIALLY DEFERRED;


--
-- Name: notifications notifications_related_project_id_937ebb75_fk_projects_id; Type: FK CONSTRAINT; Schema: public; Owner: postgres
--

ALTER TABLE ONLY public.notifications
    ADD CONSTRAINT notifications_related_project_id_937ebb75_fk_projects_id FOREIGN KEY (related_project_id) REFERENCES public.projects(id) DEFERRABLE INITIALLY DEFERRED;


--
-- Name: project_achievements project_achievements_achievement_type_id_1d76d968_fk_dictionar; Type: FK CONSTRAINT; Schema: public; Owner: postgres
--

ALTER TABLE ONLY public.project_achievements
    ADD CONSTRAINT project_achievements_achievement_type_id_1d76d968_fk_dictionar FOREIGN KEY (achievement_type_id) REFERENCES public.dictionary_items(id) DEFERRABLE INITIALLY DEFERRED;


--
-- Name: project_achievements project_achievements_project_id_99c3182e_fk_projects_id; Type: FK CONSTRAINT; Schema: public; Owner: postgres
--

ALTER TABLE ONLY public.project_achievements
    ADD CONSTRAINT project_achievements_project_id_99c3182e_fk_projects_id FOREIGN KEY (project_id) REFERENCES public.projects(id) DEFERRABLE INITIALLY DEFERRED;


--
-- Name: project_advisors project_advisors_project_id_d2ef5924_fk_projects_id; Type: FK CONSTRAINT; Schema: public; Owner: postgres
--

ALTER TABLE ONLY public.project_advisors
    ADD CONSTRAINT project_advisors_project_id_d2ef5924_fk_projects_id FOREIGN KEY (project_id) REFERENCES public.projects(id) DEFERRABLE INITIALLY DEFERRED;


--
-- Name: project_advisors project_advisors_user_id_e397bc74_fk_users_id; Type: FK CONSTRAINT; Schema: public; Owner: postgres
--

ALTER TABLE ONLY public.project_advisors
    ADD CONSTRAINT project_advisors_user_id_e397bc74_fk_users_id FOREIGN KEY (user_id) REFERENCES public.users(id) DEFERRABLE INITIALLY DEFERRED;


--
-- Name: project_archives project_archives_project_id_9f133d5b_fk_projects_id; Type: FK CONSTRAINT; Schema: public; Owner: postgres
--

ALTER TABLE ONLY public.project_archives
    ADD CONSTRAINT project_archives_project_id_9f133d5b_fk_projects_id FOREIGN KEY (project_id) REFERENCES public.projects(id) DEFERRABLE INITIALLY DEFERRED;


--
-- Name: project_change_requests project_change_requests_created_by_id_58f7c62d_fk_users_id; Type: FK CONSTRAINT; Schema: public; Owner: postgres
--

ALTER TABLE ONLY public.project_change_requests
    ADD CONSTRAINT project_change_requests_created_by_id_58f7c62d_fk_users_id FOREIGN KEY (created_by_id) REFERENCES public.users(id) DEFERRABLE INITIALLY DEFERRED;


--
-- Name: project_change_requests project_change_requests_project_id_3231f0af_fk_projects_id; Type: FK CONSTRAINT; Schema: public; Owner: postgres
--

ALTER TABLE ONLY public.project_change_requests
    ADD CONSTRAINT project_change_requests_project_id_3231f0af_fk_projects_id FOREIGN KEY (project_id) REFERENCES public.projects(id) DEFERRABLE INITIALLY DEFERRED;


--
-- Name: project_change_reviews project_change_revie_change_request_id_7de00e2e_fk_project_c; Type: FK CONSTRAINT; Schema: public; Owner: postgres
--

ALTER TABLE ONLY public.project_change_reviews
    ADD CONSTRAINT project_change_revie_change_request_id_7de00e2e_fk_project_c FOREIGN KEY (change_request_id) REFERENCES public.project_change_requests(id) DEFERRABLE INITIALLY DEFERRED;


--
-- Name: project_change_reviews project_change_revie_workflow_node_id_5aa47440_fk_workflow_; Type: FK CONSTRAINT; Schema: public; Owner: postgres
--

ALTER TABLE ONLY public.project_change_reviews
    ADD CONSTRAINT project_change_revie_workflow_node_id_5aa47440_fk_workflow_ FOREIGN KEY (workflow_node_id) REFERENCES public.workflow_nodes(id) DEFERRABLE INITIALLY DEFERRED;


--
-- Name: project_change_reviews project_change_reviews_reviewer_id_3abd4640_fk_users_id; Type: FK CONSTRAINT; Schema: public; Owner: postgres
--

ALTER TABLE ONLY public.project_change_reviews
    ADD CONSTRAINT project_change_reviews_reviewer_id_3abd4640_fk_users_id FOREIGN KEY (reviewer_id) REFERENCES public.users(id) DEFERRABLE INITIALLY DEFERRED;


--
-- Name: project_expenditure_reviews project_expenditure__expenditure_id_d8259029_fk_project_e; Type: FK CONSTRAINT; Schema: public; Owner: postgres
--

ALTER TABLE ONLY public.project_expenditure_reviews
    ADD CONSTRAINT project_expenditure__expenditure_id_d8259029_fk_project_e FOREIGN KEY (expenditure_id) REFERENCES public.project_expenditures(id) DEFERRABLE INITIALLY DEFERRED;


--
-- Name: project_expenditure_reviews project_expenditure__workflow_node_id_d352905a_fk_workflow_; Type: FK CONSTRAINT; Schema: public; Owner: postgres
--

ALTER TABLE ONLY public.project_expenditure_reviews
    ADD CONSTRAINT project_expenditure__workflow_node_id_d352905a_fk_workflow_ FOREIGN KEY (workflow_node_id) REFERENCES public.workflow_nodes(id) DEFERRABLE INITIALLY DEFERRED;


--
-- Name: project_expenditure_reviews project_expenditure_reviews_reviewer_id_954d0e0c_fk_users_id; Type: FK CONSTRAINT; Schema: public; Owner: postgres
--

ALTER TABLE ONLY public.project_expenditure_reviews
    ADD CONSTRAINT project_expenditure_reviews_reviewer_id_954d0e0c_fk_users_id FOREIGN KEY (reviewer_id) REFERENCES public.users(id) DEFERRABLE INITIALLY DEFERRED;


--
-- Name: project_expenditures project_expenditures_created_by_id_283ff779_fk_users_id; Type: FK CONSTRAINT; Schema: public; Owner: postgres
--

ALTER TABLE ONLY public.project_expenditures
    ADD CONSTRAINT project_expenditures_created_by_id_283ff779_fk_users_id FOREIGN KEY (created_by_id) REFERENCES public.users(id) DEFERRABLE INITIALLY DEFERRED;


--
-- Name: project_expenditures project_expenditures_leader_reviewed_by_id_3359cdab_fk_users_id; Type: FK CONSTRAINT; Schema: public; Owner: postgres
--

ALTER TABLE ONLY public.project_expenditures
    ADD CONSTRAINT project_expenditures_leader_reviewed_by_id_3359cdab_fk_users_id FOREIGN KEY (leader_reviewed_by_id) REFERENCES public.users(id) DEFERRABLE INITIALLY DEFERRED;


--
-- Name: project_expenditures project_expenditures_project_id_6c79dd16_fk_projects_id; Type: FK CONSTRAINT; Schema: public; Owner: postgres
--

ALTER TABLE ONLY public.project_expenditures
    ADD CONSTRAINT project_expenditures_project_id_6c79dd16_fk_projects_id FOREIGN KEY (project_id) REFERENCES public.projects(id) DEFERRABLE INITIALLY DEFERRED;


--
-- Name: project_expenditures project_expenditures_reviewed_by_id_4a719410_fk_users_id; Type: FK CONSTRAINT; Schema: public; Owner: postgres
--

ALTER TABLE ONLY public.project_expenditures
    ADD CONSTRAINT project_expenditures_reviewed_by_id_4a719410_fk_users_id FOREIGN KEY (reviewed_by_id) REFERENCES public.users(id) DEFERRABLE INITIALLY DEFERRED;


--
-- Name: project_members project_members_project_id_bf2e42ec_fk_projects_id; Type: FK CONSTRAINT; Schema: public; Owner: postgres
--

ALTER TABLE ONLY public.project_members
    ADD CONSTRAINT project_members_project_id_bf2e42ec_fk_projects_id FOREIGN KEY (project_id) REFERENCES public.projects(id) DEFERRABLE INITIALLY DEFERRED;


--
-- Name: project_members project_members_user_id_2e9d44b1_fk_users_id; Type: FK CONSTRAINT; Schema: public; Owner: postgres
--

ALTER TABLE ONLY public.project_members
    ADD CONSTRAINT project_members_user_id_2e9d44b1_fk_users_id FOREIGN KEY (user_id) REFERENCES public.users(id) DEFERRABLE INITIALLY DEFERRED;


--
-- Name: project_phase_instances project_phase_instances_created_by_id_7783b14c_fk_users_id; Type: FK CONSTRAINT; Schema: public; Owner: postgres
--

ALTER TABLE ONLY public.project_phase_instances
    ADD CONSTRAINT project_phase_instances_created_by_id_7783b14c_fk_users_id FOREIGN KEY (created_by_id) REFERENCES public.users(id) DEFERRABLE INITIALLY DEFERRED;


--
-- Name: project_phase_instances project_phase_instances_project_id_9f3b1467_fk_projects_id; Type: FK CONSTRAINT; Schema: public; Owner: postgres
--

ALTER TABLE ONLY public.project_phase_instances
    ADD CONSTRAINT project_phase_instances_project_id_9f3b1467_fk_projects_id FOREIGN KEY (project_id) REFERENCES public.projects(id) DEFERRABLE INITIALLY DEFERRED;


--
-- Name: projects projects_batch_id_67b3e4b1_fk; Type: FK CONSTRAINT; Schema: public; Owner: postgres
--

ALTER TABLE ONLY public.projects
    ADD CONSTRAINT projects_batch_id_67b3e4b1_fk FOREIGN KEY (batch_id) REFERENCES public.project_batches(id) DEFERRABLE INITIALLY DEFERRED;


--
-- Name: projects projects_category_id_2110ba9e_fk_dictionary_items_id; Type: FK CONSTRAINT; Schema: public; Owner: postgres
--

ALTER TABLE ONLY public.projects
    ADD CONSTRAINT projects_category_id_2110ba9e_fk_dictionary_items_id FOREIGN KEY (category_id) REFERENCES public.dictionary_items(id) DEFERRABLE INITIALLY DEFERRED;


--
-- Name: projects projects_leader_id_aabb0912_fk_users_id; Type: FK CONSTRAINT; Schema: public; Owner: postgres
--

ALTER TABLE ONLY public.projects
    ADD CONSTRAINT projects_leader_id_aabb0912_fk_users_id FOREIGN KEY (leader_id) REFERENCES public.users(id) DEFERRABLE INITIALLY DEFERRED;


--
-- Name: projects projects_level_id_8a6f1c0b_fk_dictionary_items_id; Type: FK CONSTRAINT; Schema: public; Owner: postgres
--

ALTER TABLE ONLY public.projects
    ADD CONSTRAINT projects_level_id_8a6f1c0b_fk_dictionary_items_id FOREIGN KEY (level_id) REFERENCES public.dictionary_items(id) DEFERRABLE INITIALLY DEFERRED;


--
-- Name: projects projects_source_id_4682911e_fk_dictionary_items_id; Type: FK CONSTRAINT; Schema: public; Owner: postgres
--

ALTER TABLE ONLY public.projects
    ADD CONSTRAINT projects_source_id_4682911e_fk_dictionary_items_id FOREIGN KEY (source_id) REFERENCES public.dictionary_items(id) DEFERRABLE INITIALLY DEFERRED;


--
-- Name: reviews reviews_phase_instance_id_76b853a5_fk_project_p; Type: FK CONSTRAINT; Schema: public; Owner: postgres
--

ALTER TABLE ONLY public.reviews
    ADD CONSTRAINT reviews_phase_instance_id_76b853a5_fk_project_p FOREIGN KEY (phase_instance_id) REFERENCES public.project_phase_instances(id) DEFERRABLE INITIALLY DEFERRED;


--
-- Name: reviews reviews_project_id_1ffdb6d1_fk_projects_id; Type: FK CONSTRAINT; Schema: public; Owner: postgres
--

ALTER TABLE ONLY public.reviews
    ADD CONSTRAINT reviews_project_id_1ffdb6d1_fk_projects_id FOREIGN KEY (project_id) REFERENCES public.projects(id) DEFERRABLE INITIALLY DEFERRED;


--
-- Name: reviews reviews_reviewer_id_dbb954a8_fk_users_id; Type: FK CONSTRAINT; Schema: public; Owner: postgres
--

ALTER TABLE ONLY public.reviews
    ADD CONSTRAINT reviews_reviewer_id_dbb954a8_fk_users_id FOREIGN KEY (reviewer_id) REFERENCES public.users(id) DEFERRABLE INITIALLY DEFERRED;


--
-- Name: reviews reviews_workflow_node_id_ac4266fc_fk_workflow_nodes_id; Type: FK CONSTRAINT; Schema: public; Owner: postgres
--

ALTER TABLE ONLY public.reviews
    ADD CONSTRAINT reviews_workflow_node_id_ac4266fc_fk_workflow_nodes_id FOREIGN KEY (workflow_node_id) REFERENCES public.workflow_nodes(id) DEFERRABLE INITIALLY DEFERRED;


--
-- Name: system_settings system_settings_batch_id_09927f7b_fk; Type: FK CONSTRAINT; Schema: public; Owner: postgres
--

ALTER TABLE ONLY public.system_settings
    ADD CONSTRAINT system_settings_batch_id_09927f7b_fk FOREIGN KEY (batch_id) REFERENCES public.project_batches(id) DEFERRABLE INITIALLY DEFERRED;


--
-- Name: system_settings system_settings_updated_by_id_cf1dfbba_fk_users_id; Type: FK CONSTRAINT; Schema: public; Owner: postgres
--

ALTER TABLE ONLY public.system_settings
    ADD CONSTRAINT system_settings_updated_by_id_cf1dfbba_fk_users_id FOREIGN KEY (updated_by_id) REFERENCES public.users(id) DEFERRABLE INITIALLY DEFERRED;


--
-- Name: users users_expert_assigned_by_id_174c6b8c_fk_users_id; Type: FK CONSTRAINT; Schema: public; Owner: postgres
--

ALTER TABLE ONLY public.users
    ADD CONSTRAINT users_expert_assigned_by_id_174c6b8c_fk_users_id FOREIGN KEY (expert_assigned_by_id) REFERENCES public.users(id) DEFERRABLE INITIALLY DEFERRED;


--
-- Name: users_groups users_groups_group_id_2f3517aa_fk_auth_group_id; Type: FK CONSTRAINT; Schema: public; Owner: postgres
--

ALTER TABLE ONLY public.users_groups
    ADD CONSTRAINT users_groups_group_id_2f3517aa_fk_auth_group_id FOREIGN KEY (group_id) REFERENCES public.auth_group(id) DEFERRABLE INITIALLY DEFERRED;


--
-- Name: users_groups users_groups_user_id_f500bee5_fk_users_id; Type: FK CONSTRAINT; Schema: public; Owner: postgres
--

ALTER TABLE ONLY public.users_groups
    ADD CONSTRAINT users_groups_user_id_f500bee5_fk_users_id FOREIGN KEY (user_id) REFERENCES public.users(id) DEFERRABLE INITIALLY DEFERRED;


--
-- Name: users users_managed_scope_value_id_b94b760f_fk_dictionary_items_id; Type: FK CONSTRAINT; Schema: public; Owner: postgres
--

ALTER TABLE ONLY public.users
    ADD CONSTRAINT users_managed_scope_value_id_b94b760f_fk_dictionary_items_id FOREIGN KEY (managed_scope_value_id) REFERENCES public.dictionary_items(id) DEFERRABLE INITIALLY DEFERRED;


--
-- Name: users users_role_fk_id_59b0f6c3_fk_roles_id; Type: FK CONSTRAINT; Schema: public; Owner: postgres
--

ALTER TABLE ONLY public.users
    ADD CONSTRAINT users_role_fk_id_59b0f6c3_fk_roles_id FOREIGN KEY (role_fk_id) REFERENCES public.roles(id) DEFERRABLE INITIALLY DEFERRED;


--
-- Name: users_user_permissions users_user_permissio_permission_id_6d08dcd2_fk_auth_perm; Type: FK CONSTRAINT; Schema: public; Owner: postgres
--

ALTER TABLE ONLY public.users_user_permissions
    ADD CONSTRAINT users_user_permissio_permission_id_6d08dcd2_fk_auth_perm FOREIGN KEY (permission_id) REFERENCES public.auth_permission(id) DEFERRABLE INITIALLY DEFERRED;


--
-- Name: users_user_permissions users_user_permissions_user_id_92473840_fk_users_id; Type: FK CONSTRAINT; Schema: public; Owner: postgres
--

ALTER TABLE ONLY public.users_user_permissions
    ADD CONSTRAINT users_user_permissions_user_id_92473840_fk_users_id FOREIGN KEY (user_id) REFERENCES public.users(id) DEFERRABLE INITIALLY DEFERRED;


--
-- Name: workflow_configs workflow_configs_batch_id_537df69a_fk_project_batches_id; Type: FK CONSTRAINT; Schema: public; Owner: postgres
--

ALTER TABLE ONLY public.workflow_configs
    ADD CONSTRAINT workflow_configs_batch_id_537df69a_fk_project_batches_id FOREIGN KEY (batch_id) REFERENCES public.project_batches(id) DEFERRABLE INITIALLY DEFERRED;


--
-- Name: workflow_configs workflow_configs_created_by_id_9ce1a151_fk_users_id; Type: FK CONSTRAINT; Schema: public; Owner: postgres
--

ALTER TABLE ONLY public.workflow_configs
    ADD CONSTRAINT workflow_configs_created_by_id_9ce1a151_fk_users_id FOREIGN KEY (created_by_id) REFERENCES public.users(id) DEFERRABLE INITIALLY DEFERRED;


--
-- Name: workflow_configs workflow_configs_updated_by_id_92af6584_fk_users_id; Type: FK CONSTRAINT; Schema: public; Owner: postgres
--

ALTER TABLE ONLY public.workflow_configs
    ADD CONSTRAINT workflow_configs_updated_by_id_92af6584_fk_users_id FOREIGN KEY (updated_by_id) REFERENCES public.users(id) DEFERRABLE INITIALLY DEFERRED;


--
-- Name: workflow_nodes workflow_nodes_role_fk_id_505d424b_fk_roles_id; Type: FK CONSTRAINT; Schema: public; Owner: postgres
--

ALTER TABLE ONLY public.workflow_nodes
    ADD CONSTRAINT workflow_nodes_role_fk_id_505d424b_fk_roles_id FOREIGN KEY (role_fk_id) REFERENCES public.roles(id) DEFERRABLE INITIALLY DEFERRED;


--
-- Name: workflow_nodes workflow_nodes_workflow_id_411643ef_fk_workflow_configs_id; Type: FK CONSTRAINT; Schema: public; Owner: postgres
--

ALTER TABLE ONLY public.workflow_nodes
    ADD CONSTRAINT workflow_nodes_workflow_id_411643ef_fk_workflow_configs_id FOREIGN KEY (workflow_id) REFERENCES public.workflow_configs(id) DEFERRABLE INITIALLY DEFERRED;


--
-- PostgreSQL database dump complete
--

\unrestrict A6AhXmoXab3bgbFChXl8zgLIyhNo14F1nCdqgVNyGNu7nciqmUlnAP3CRsYguxM

